3,potato/moderately early potato,7981.8,7378.5,0,2017-06-01,2017-09-15
3,potato/moderately early potato,7974.7,7356.3,0,2017-06-01,2017-09-15
3,potato/moderately early potato,7981.8,7378.5,0,2017-06-01,2017-09-15
3,potato/moderately early potato,7981.8,7378.5,0,2017-06-01,2017-09-15
3,potato/moderately early potato,7981.8,7378.5,0,2017-06-01,2017-09-15
3,potato/moderately early potato,7981.8,7378.5,0,2017-06-01,2017-09-15
3,potato/moderately early potato,8125.3,7153.9,0,2017-06-01,2017-09-15
3,potato/moderately early potato,8125.3,7153.9,0,2017-06-01,2017-09-15
3,potato/moderately early potato,8138.4,7146.7,0,2017-06-01,2017-09-15
3,potato/moderately early potato,8138.4,7146.7,0,2017-06-01,2017-09-15
3,potato/moderately early potato,8138.4,7146.7,0,2017-06-01,2017-09-15
3,potato/moderately early potato,8138.4,7146.7,0,2017-06-01,2017-09-15
3,potato/moderately early potato,7994.1,7372,0,2017-06-01,2017-09-15
3,potato/moderately early potato,8138.4,7146.7,0,2017-06-01,2017-09-15
3,potato/moderately early potato,8096.4,7169.7,0,2017-06-01,2017-09-15
3,potato/moderately early potato,8109.6,7162.8,0,2017-06-01,2017-09-15
3,potato/moderately early potato,8096.4,7169.7,0,2017-06-01,2017-09-15
3,potato/moderately early potato,8096.4,7169.7,0,2017-06-01,2017-09-15
3,potato/moderately early potato,8096.4,7169.7,0,2017-06-01,2017-09-15
3,potato/moderately early potato,8096.4,7169.7,0,2017-06-01,2017-09-15
3,potato/moderately early potato,8115.7,7159.4,0,2017-06-01,2017-09-15
3,potato/moderately early potato,8115.7,7159.4,0,2017-06-01,2017-09-15
3,potato/moderately early potato,8129.4,7151.9,0,2017-06-01,2017-09-15
3,potato/moderately early potato,8129.4,7151.9,0,2017-06-01,2017-09-15
3,potato/moderately early potato,8129.4,7151.9,0,2017-06-01,2017-09-15
3,potato/moderately early potato,8129.4,7151.9,0,2017-06-01,2017-09-15
3,potato/moderately early potato,8109.6,7162.8,0,2017-06-01,2017-09-15
3,potato/moderately early potato,8129.4,7151.9,0,2017-06-01,2017-09-15
3,potato/moderately early potato,8061.5,7189.1,0,2017-06-01,2017-09-15
3,potato/moderately early potato,8113,7160.9,0,2017-06-01,2017-09-15
3,potato/moderately early potato,8061.5,7189.1,0,2017-06-01,2017-09-15
3,potato/moderately early potato,8061.5,7189.1,0,2017-06-01,2017-09-15
3,potato/moderately early potato,8061.5,7189.1,0,2017-06-01,2017-09-15
3,potato/moderately early potato,8061.5,7189.1,0,2017-06-01,2017-09-15
3,potato/moderately early potato,8083.2,7177,0,2017-06-01,2017-09-15
3,potato/moderately early potato,8083.2,7177,0,2017-06-01,2017-09-15
3,potato/moderately early potato,8135,7148.7,0,2017-06-01,2017-09-15
3,potato/moderately early potato,8135,7148.7,0,2017-06-01,2017-09-15
3,potato/moderately early potato,8135,7148.7,0,2017-06-01,2017-09-15
3,potato/moderately early potato,8135,7148.7,0,2017-06-01,2017-09-15
3,potato/moderately early potato,8113,7160.9,0,2017-06-01,2017-09-15
3,potato/moderately early potato,8135,7148.7,0,2017-06-01,2017-09-15
3,potato/moderately early potato,8130.1,7151.5,0,2017-06-01,2017-09-15
3,potato/moderately early potato,8104.5,7165.7,0,2017-06-01,2017-09-15
3,potato/moderately early potato,8130.1,7151.5,0,2017-06-01,2017-09-15
3,potato/moderately early potato,8130.1,7151.5,0,2017-06-01,2017-09-15
3,potato/moderately early potato,8130.1,7151.5,0,2017-06-01,2017-09-15
3,potato/moderately early potato,8130.1,7151.5,0,2017-06-01,2017-09-15
3,potato/moderately early potato,8089.1,7173.7,0,2017-06-01,2017-09-15
3,potato/moderately early potato,8089.1,7173.7,0,2017-06-01,2017-09-15
3,potato/moderately early potato,8064,7187.7,0,2017-06-01,2017-09-15
3,potato/moderately early potato,8064,7187.7,0,2017-06-01,2017-09-15
3,potato/moderately early potato,8064,7187.7,0,2017-06-01,2017-09-15
3,potato/moderately early potato,8064,7187.7,0,2017-06-01,2017-09-15
3,potato/moderately early potato,8104.5,7165.7,0,2017-06-01,2017-09-15
3,potato/moderately early potato,8064,7187.7,0,2017-06-01,2017-09-15
3,potato/moderately early potato,8146.3,7142.1,0,2017-06-01,2017-09-15
3,potato/moderately early potato,8140.5,7145.5,0,2017-06-01,2017-09-15
3,potato/moderately early potato,8146.3,7142.1,0,2017-06-01,2017-09-15
3,potato/moderately early potato,8146.3,7142.1,0,2017-06-01,2017-09-15
3,potato/moderately early potato,8146.3,7142.1,0,2017-06-01,2017-09-15
3,potato/moderately early potato,8146.3,7142.1,0,2017-06-01,2017-09-15
3,potato/moderately early potato,8107.3,7164.1,0,2017-06-01,2017-09-15
3,potato/moderately early potato,8107.3,7164.1,0,2017-06-01,2017-09-15
3,potato/moderately early potato,8101.3,7167.6,0,2017-06-01,2017-09-15
3,potato/moderately early potato,8101.3,7167.6,0,2017-06-01,2017-09-15
3,potato/moderately early potato,8101.3,7167.6,0,2017-06-01,2017-09-15
3,potato/moderately early potato,8101.3,7167.6,0,2017-06-01,2017-09-15
3,potato/moderately early potato,8140.5,7145.5,0,2017-06-01,2017-09-15
3,potato/moderately early potato,8101.3,7167.6,0,2017-06-01,2017-09-15
3,potato/moderately early potato,8079.2,7179.3,0,2017-06-01,2017-09-15
3,potato/moderately early potato,8073.4,7182.5,0,2017-06-01,2017-09-15
3,potato/moderately early potato,8079.2,7179.3,0,2017-06-01,2017-09-15
3,potato/moderately early potato,8079.2,7179.3,0,2017-06-01,2017-09-15
3,potato/moderately early potato,8079.2,7179.3,0,2017-06-01,2017-09-15
3,potato/moderately early potato,8079.2,7179.3,0,2017-06-01,2017-09-15
3,potato/moderately early potato,8099.3,7168.7,0,2017-06-01,2017-09-15
3,potato/moderately early potato,8099.2,7168.7,0,2017-06-01,2017-09-15
3,potato/moderately early potato,8093.8,7171.1,0,2017-06-01,2017-09-15
3,potato/moderately early potato,8093.8,7171.1,0,2017-06-01,2017-09-15
3,potato/moderately early potato,8093.8,7171.1,0,2017-06-01,2017-09-15
3,potato/moderately early potato,8093.8,7171.1,0,2017-06-01,2017-09-15
3,potato/moderately early potato,8073.4,7182.5,0,2017-06-01,2017-09-15
3,potato/moderately early potato,8093.8,7171.1,0,2017-06-01,2017-09-15
3,potato/moderately early potato,8081.4,7178,0,2017-06-01,2017-09-15
3,potato/moderately early potato,8114,7160.4,0,2017-06-01,2017-09-15
3,potato/moderately early potato,8081.4,7178,0,2017-06-01,2017-09-15
3,potato/moderately early potato,8081.4,7178,0,2017-06-01,2017-09-15
3,potato/moderately early potato,8081.4,7178,0,2017-06-01,2017-09-15
3,potato/moderately early potato,8081.4,7178,0,2017-06-01,2017-09-15
3,potato/moderately early potato,8132,7150.4,0,2017-06-01,2017-09-15
3,potato/moderately early potato,8132,7150.4,0,2017-06-01,2017-09-15
3,potato/moderately early potato,7984.1,7377.3,0,2017-06-01,2017-09-15
3,potato/moderately early potato,7984.1,7377.3,0,2017-06-01,2017-09-15
3,potato/moderately early potato,7984.1,7377.3,0,2017-06-01,2017-09-15
3,potato/moderately early potato,7984.1,7377.3,0,2017-06-01,2017-09-15
3,potato/moderately early potato,8114,7160.4,0,2017-06-01,2017-09-15
3,potato/moderately early potato,7984.1,7377.3,0,2017-06-01,2017-09-15
3,potato/moderately early potato,8151.5,7139.1,0,2017-06-01,2017-09-15
3,potato/moderately early potato,8107.3,7164.2,0,2017-06-01,2017-09-15
3,potato/moderately early potato,8151.5,7139.1,0,2017-06-01,2017-09-15
3,potato/moderately early potato,8151.5,7139.1,0,2017-06-01,2017-09-15
3,potato/moderately early potato,8151.5,7139.1,0,2017-06-01,2017-09-15
3,potato/moderately early potato,8151.5,7139.1,0,2017-06-01,2017-09-15
3,potato/moderately early potato,8142.6,7144.3,0,2017-06-01,2017-09-15
3,potato/moderately early potato,8142.6,7144.3,0,2017-06-01,2017-09-15
3,potato/moderately early potato,8098.1,7169.4,0,2017-06-01,2017-09-15
3,potato/moderately early potato,8098.1,7169.4,0,2017-06-01,2017-09-15
3,potato/moderately early potato,8098.1,7169.4,0,2017-06-01,2017-09-15
3,potato/moderately early potato,8098.1,7169.4,0,2017-06-01,2017-09-15
3,potato/moderately early potato,8107.3,7164.2,0,2017-06-01,2017-09-15
3,potato/moderately early potato,8098.1,7169.4,0,2017-06-01,2017-09-15
3,potato/moderately early potato,8136.9,7147.6,0,2017-06-01,2017-09-15
3,potato/moderately early potato,8069.1,7184.9,0,2017-06-01,2017-09-15
3,potato/moderately early potato,8136.9,7147.6,0,2017-06-01,2017-09-15
3,potato/moderately early potato,8136.9,7147.6,0,2017-06-01,2017-09-15
3,potato/moderately early potato,8136.9,7147.6,0,2017-06-01,2017-09-15
3,potato/moderately early potato,8136.9,7147.6,0,2017-06-01,2017-09-15
3,potato/moderately early potato,8135.2,7148.6,0,2017-06-01,2017-09-15
3,potato/moderately early potato,8135.2,7148.6,0,2017-06-01,2017-09-15
3,potato/moderately early potato,8067.3,7185.9,0,2017-06-01,2017-09-15
3,potato/moderately early potato,8067.3,7185.9,0,2017-06-01,2017-09-15
3,potato/moderately early potato,8067.3,7185.9,0,2017-06-01,2017-09-15
3,potato/moderately early potato,8067.3,7185.9,0,2017-06-01,2017-09-15
3,potato/moderately early potato,8069.1,7184.9,0,2017-06-01,2017-09-15
3,potato/moderately early potato,8067.3,7185.9,0,2017-06-01,2017-09-15
3,potato/moderately early potato,8127.9,7152.8,0,2017-06-01,2017-09-15
3,potato/moderately early potato,8136.5,7147.8,0,2017-06-01,2017-09-15
3,potato/moderately early potato,8127.9,7152.8,0,2017-06-01,2017-09-15
3,potato/moderately early potato,8127.9,7152.8,0,2017-06-01,2017-09-15
3,potato/moderately early potato,8127.9,7152.8,0,2017-06-01,2017-09-15
3,potato/moderately early potato,8127.9,7152.8,0,2017-06-01,2017-09-15
3,potato/moderately early potato,8126.2,7153.3,0,2017-06-01,2017-09-15
3,potato/moderately early potato,8126.2,7153.3,0,2017-06-01,2017-09-15
3,potato/moderately early potato,8135,7148.7,0,2017-06-01,2017-09-15
3,potato/moderately early potato,8135,7148.7,0,2017-06-01,2017-09-15
3,potato/moderately early potato,8135,7148.7,0,2017-06-01,2017-09-15
3,potato/moderately early potato,8135,7148.7,0,2017-06-01,2017-09-15
3,potato/moderately early potato,8136.5,7147.8,0,2017-06-01,2017-09-15
3,potato/moderately early potato,8135,7148.7,0,2017-06-01,2017-09-15
3,potato/moderately early potato,8094.8,7170.6,0,2017-06-01,2017-09-15
3,potato/moderately early potato,8103,7166.6,0,2017-06-01,2017-09-15
3,potato/moderately early potato,8094.8,7170.6,0,2017-06-01,2017-09-15
3,potato/moderately early potato,8094.8,7170.6,0,2017-06-01,2017-09-15
3,potato/moderately early potato,8094.8,7170.6,0,2017-06-01,2017-09-15
3,potato/moderately early potato,8094.8,7170.6,0,2017-06-01,2017-09-15
3,potato/moderately early potato,8119.3,7157.3,0,2017-06-01,2017-09-15
3,potato/moderately early potato,8119.3,7157.3,0,2017-06-01,2017-09-15
3,potato/moderately early potato,8128.2,7152.6,0,2017-06-01,2017-09-15
3,potato/moderately early potato,8128.2,7152.6,0,2017-06-01,2017-09-15
3,potato/moderately early potato,8128.2,7152.6,0,2017-06-01,2017-09-15
3,potato/moderately early potato,8128.2,7152.6,0,2017-06-01,2017-09-15
3,potato/moderately early potato,8103,7166.6,0,2017-06-01,2017-09-15
3,potato/moderately early potato,8128.2,7152.6,0,2017-06-01,2017-09-15
3,potato/moderately early potato,8100.6,7168,0,2017-06-01,2017-09-15
3,potato/moderately early potato,8109.3,7163,0,2017-06-01,2017-09-15
3,potato/moderately early potato,8100.6,7168,0,2017-06-01,2017-09-15
3,potato/moderately early potato,8100.6,7168,0,2017-06-01,2017-09-15
3,potato/moderately early potato,8100.6,7168,0,2017-06-01,2017-09-15
3,potato/moderately early potato,8100.6,7168,0,2017-06-01,2017-09-15
3,potato/moderately early potato,8131.8,7150.5,0,2017-06-01,2017-09-15
3,potato/moderately early potato,8131.8,7150.5,0,2017-06-01,2017-09-15
3,potato/moderately early potato,8140.2,7145.6,0,2017-06-01,2017-09-15
3,potato/moderately early potato,8140.2,7145.6,0,2017-06-01,2017-09-15
3,potato/moderately early potato,8140.2,7145.6,0,2017-06-01,2017-09-15
3,potato/moderately early potato,8140.2,7145.6,0,2017-06-01,2017-09-15
3,potato/moderately early potato,8109.3,7163,0,2017-06-01,2017-09-15
3,potato/moderately early potato,8140.2,7145.6,0,2017-06-01,2017-09-15
3,potato/moderately early potato,8116.1,7159.2,0,2017-06-01,2017-09-15
3,potato/moderately early potato,8105.2,7165.3,0,2017-06-01,2017-09-15
3,potato/moderately early potato,8116.1,7159.2,0,2017-06-01,2017-09-15
3,potato/moderately early potato,8116.1,7159.2,0,2017-06-01,2017-09-15
3,potato/moderately early potato,8116.1,7159.2,0,2017-06-01,2017-09-15
3,potato/moderately early potato,8116.1,7159.2,0,2017-06-01,2017-09-15
3,potato/moderately early potato,8114.4,7160.1,0,2017-06-01,2017-09-15
3,potato/moderately early potato,8114.4,7160.1,0,2017-06-01,2017-09-15
3,potato/moderately early potato,8103.5,7166.3,0,2017-06-01,2017-09-15
3,potato/moderately early potato,8103.5,7166.3,0,2017-06-01,2017-09-15
3,potato/moderately early potato,8103.5,7166.3,0,2017-06-01,2017-09-15
3,potato/moderately early potato,8103.5,7166.3,0,2017-06-01,2017-09-15
3,potato/moderately early potato,8105.2,7165.3,0,2017-06-01,2017-09-15
3,potato/moderately early potato,8103.5,7166.3,0,2017-06-01,2017-09-15
3,potato/moderately early potato,8104.9,7165.5,0,2017-06-01,2017-09-15
3,potato/moderately early potato,7990.5,7373.9,0,2017-06-01,2017-09-15
3,potato/moderately early potato,8104.9,7165.5,0,2017-06-01,2017-09-15
3,potato/moderately early potato,8104.9,7165.5,0,2017-06-01,2017-09-15
3,potato/moderately early potato,8104.9,7165.5,0,2017-06-01,2017-09-15
3,potato/moderately early potato,8104.9,7165.5,0,2017-06-01,2017-09-15
3,potato/moderately early potato,8103.5,7166.3,0,2017-06-01,2017-09-15
3,potato/moderately early potato,8103.5,7166.3,0,2017-06-01,2017-09-15
3,potato/moderately early potato,7989.3,7374.5,0,2017-06-01,2017-09-15
3,potato/moderately early potato,7989.3,7374.5,0,2017-06-01,2017-09-15
3,potato/moderately early potato,7989.3,7374.5,0,2017-06-01,2017-09-15
3,potato/moderately early potato,7989.3,7374.5,0,2017-06-01,2017-09-15
3,potato/moderately early potato,7990.5,7373.9,0,2017-06-01,2017-09-15
3,potato/moderately early potato,7989.3,7374.5,0,2017-06-01,2017-09-15
3,potato/moderately early potato,8111.2,7161.9,0,2017-06-01,2017-09-15
3,potato/moderately early potato,8100.4,7168.1,0,2017-06-01,2017-09-15
3,potato/moderately early potato,8111.2,7161.9,0,2017-06-01,2017-09-15
3,potato/moderately early potato,8111.2,7161.9,0,2017-06-01,2017-09-15
3,potato/moderately early potato,8111.2,7161.9,0,2017-06-01,2017-09-15
3,potato/moderately early potato,8111.2,7161.9,0,2017-06-01,2017-09-15
3,potato/moderately early potato,8109.7,7162.8,0,2017-06-01,2017-09-15
3,potato/moderately early potato,8109.7,7162.8,0,2017-06-01,2017-09-15
3,potato/moderately early potato,8098.9,7169,0,2017-06-01,2017-09-15
3,potato/moderately early potato,8098.9,7169,0,2017-06-01,2017-09-15
3,potato/moderately early potato,8098.9,7169,0,2017-06-01,2017-09-15
3,potato/moderately early potato,8098.9,7169,0,2017-06-01,2017-09-15
3,potato/moderately early potato,8100.4,7168.1,0,2017-06-01,2017-09-15
3,potato/moderately early potato,8098.9,7169,0,2017-06-01,2017-09-15
3,potato/moderately early potato,8119.2,7157.4,0,2017-06-01,2017-09-15
3,potato/moderately early potato,8108.4,7163.5,0,2017-06-01,2017-09-15
3,potato/moderately early potato,8119.2,7157.4,0,2017-06-01,2017-09-15
3,potato/moderately early potato,8119.2,7157.4,0,2017-06-01,2017-09-15
3,potato/moderately early potato,8119.2,7157.4,0,2017-06-01,2017-09-15
3,potato/moderately early potato,8119.2,7157.4,0,2017-06-01,2017-09-15
3,potato/moderately early potato,8117.3,7158.5,0,2017-06-01,2017-09-15
3,potato/moderately early potato,8117.3,7158.5,0,2017-06-01,2017-09-15
3,potato/moderately early potato,8106.5,7164.6,0,2017-06-01,2017-09-15
3,potato/moderately early potato,8106.5,7164.6,0,2017-06-01,2017-09-15
3,potato/moderately early potato,8106.5,7164.6,0,2017-06-01,2017-09-15
3,potato/moderately early potato,8106.5,7164.6,0,2017-06-01,2017-09-15
3,potato/moderately early potato,8108.4,7163.5,0,2017-06-01,2017-09-15
3,potato/moderately early potato,8106.5,7164.6,0,2017-06-01,2017-09-15
3,potato/moderately early potato,8119.6,7157.1,0,2017-06-01,2017-09-15
3,potato/moderately early potato,8089.8,7173.3,0,2017-06-01,2017-09-15
3,potato/moderately early potato,8119.6,7157.1,0,2017-06-01,2017-09-15
3,potato/moderately early potato,8119.6,7157.1,0,2017-06-01,2017-09-15
3,potato/moderately early potato,8119.6,7157.1,0,2017-06-01,2017-09-15
3,potato/moderately early potato,8119.6,7157.1,0,2017-06-01,2017-09-15
3,potato/moderately early potato,8126.3,7153.3,0,2017-06-01,2017-09-15
3,potato/moderately early potato,8126.3,7153.3,0,2017-06-01,2017-09-15
3,potato/moderately early potato,8096.5,7169.6,0,2017-06-01,2017-09-15
3,potato/moderately early potato,8096.5,7169.6,0,2017-06-01,2017-09-15
3,potato/moderately early potato,8096.5,7169.6,0,2017-06-01,2017-09-15
3,potato/moderately early potato,8096.5,7169.6,0,2017-06-01,2017-09-15
3,potato/moderately early potato,8089.8,7173.3,0,2017-06-01,2017-09-15
3,potato/moderately early potato,8096.5,7169.6,0,2017-06-01,2017-09-15
3,potato/moderately early potato,8112.6,7161.2,0,2017-06-01,2017-09-15
3,potato/moderately early potato,7980.1,7379.4,0,2017-06-01,2017-09-15
3,potato/moderately early potato,8112.6,7161.2,0,2017-06-01,2017-09-15
3,potato/moderately early potato,8112.6,7161.2,0,2017-06-01,2017-09-15
3,potato/moderately early potato,8112.6,7161.2,0,2017-06-01,2017-09-15
3,potato/moderately early potato,8112.6,7161.2,0,2017-06-01,2017-09-15
3,potato/moderately early potato,8118,7158.1,0,2017-06-01,2017-09-15
3,potato/moderately early potato,8118,7158.1,0,2017-06-01,2017-09-15
3,potato/moderately early potato,7984.9,7376.8,0,2017-06-01,2017-09-15
3,potato/moderately early potato,7984.9,7376.8,0,2017-06-01,2017-09-15
3,potato/moderately early potato,7984.9,7376.8,0,2017-06-01,2017-09-15
3,potato/moderately early potato,7984.9,7376.8,0,2017-06-01,2017-09-15
3,potato/moderately early potato,7980.1,7379.4,0,2017-06-01,2017-09-15
3,potato/moderately early potato,7984.9,7376.8,0,2017-06-01,2017-09-15
3,potato/moderately early potato,8106.6,7164.6,0,2017-06-01,2017-09-15
3,potato/moderately early potato,8115.2,7159.6,0,2017-06-01,2017-09-15
3,potato/moderately early potato,8106.6,7164.6,0,2017-06-01,2017-09-15
3,potato/moderately early potato,8106.6,7164.6,0,2017-06-01,2017-09-15
3,potato/moderately early potato,8106.6,7164.6,0,2017-06-01,2017-09-15
3,potato/moderately early potato,8106.6,7164.6,0,2017-06-01,2017-09-15
3,potato/moderately early potato,8111.4,7161.8,0,2017-06-01,2017-09-15
3,potato/moderately early potato,8111.4,7161.8,0,2017-06-01,2017-09-15
3,potato/moderately early potato,8120.1,7156.9,0,2017-06-01,2017-09-15
3,potato/moderately early potato,8120.1,7156.9,0,2017-06-01,2017-09-15
3,potato/moderately early potato,8120.1,7156.9,0,2017-06-01,2017-09-15
3,potato/moderately early potato,8120.1,7156.9,0,2017-06-01,2017-09-15
3,potato/moderately early potato,8115.2,7159.6,0,2017-06-01,2017-09-15
3,potato/moderately early potato,8120.1,7156.9,0,2017-06-01,2017-09-15
3,potato/moderately early potato,8117,7158.6,0,2017-06-01,2017-09-15
3,potato/moderately early potato,8125.6,7153.7,0,2017-06-01,2017-09-15
3,potato/moderately early potato,8117,7158.6,0,2017-06-01,2017-09-15
3,potato/moderately early potato,8117,7158.6,0,2017-06-01,2017-09-15
3,potato/moderately early potato,8117,7158.6,0,2017-06-01,2017-09-15
3,potato/moderately early potato,8117,7158.6,0,2017-06-01,2017-09-15
3,potato/moderately early potato,8123.1,7155.1,0,2017-06-01,2017-09-15
3,potato/moderately early potato,8123.1,7155.1,0,2017-06-01,2017-09-15
3,potato/moderately early potato,8131.8,7150.5,0,2017-06-01,2017-09-15
3,potato/moderately early potato,8131.8,7150.5,0,2017-06-01,2017-09-15
3,potato/moderately early potato,8131.8,7150.5,0,2017-06-01,2017-09-15
3,potato/moderately early potato,8131.8,7150.5,0,2017-06-01,2017-09-15
3,potato/moderately early potato,8125.6,7153.7,0,2017-06-01,2017-09-15
3,potato/moderately early potato,8131.8,7150.5,0,2017-06-01,2017-09-15
3,potato/moderately early potato,8118.6,7157.7,0,2017-06-01,2017-09-15
3,potato/moderately early potato,8069.7,7184.6,0,2017-06-01,2017-09-15
3,potato/moderately early potato,8118.6,7157.7,0,2017-06-01,2017-09-15
3,potato/moderately early potato,8118.6,7157.7,0,2017-06-01,2017-09-15
3,potato/moderately early potato,8118.6,7157.7,0,2017-06-01,2017-09-15
3,potato/moderately early potato,8118.6,7157.7,0,2017-06-01,2017-09-15
3,potato/moderately early potato,8125,7154.1,0,2017-06-01,2017-09-15
3,potato/moderately early potato,8125,7154.1,0,2017-06-01,2017-09-15
3,potato/moderately early potato,8076,7181,0,2017-06-01,2017-09-15
3,potato/moderately early potato,8076,7181,0,2017-06-01,2017-09-15
3,potato/moderately early potato,8076,7181,0,2017-06-01,2017-09-15
3,potato/moderately early potato,8076,7181,0,2017-06-01,2017-09-15
3,potato/moderately early potato,8069.7,7184.6,0,2017-06-01,2017-09-15
3,potato/moderately early potato,8076,7181,0,2017-06-01,2017-09-15
3,potato/moderately early potato,8109.7,7162.8,0,2017-06-01,2017-09-15
3,potato/moderately early potato,8138,7147,0,2017-06-01,2017-09-15
3,potato/moderately early potato,8109.7,7162.8,0,2017-06-01,2017-09-15
3,potato/moderately early potato,8109.7,7162.8,0,2017-06-01,2017-09-15
3,potato/moderately early potato,8109.7,7162.8,0,2017-06-01,2017-09-15
3,potato/moderately early potato,8109.7,7162.8,0,2017-06-01,2017-09-15
3,potato/moderately early potato,8114.9,7159.8,0,2017-06-01,2017-09-15
3,potato/moderately early potato,8114.9,7159.8,0,2017-06-01,2017-09-15
3,potato/moderately early potato,8143.1,7144,0,2017-06-01,2017-09-15
3,potato/moderately early potato,8143.1,7144,0,2017-06-01,2017-09-15
3,potato/moderately early potato,8143.1,7144,0,2017-06-01,2017-09-15
3,potato/moderately early potato,8143.1,7144,0,2017-06-01,2017-09-15
3,potato/moderately early potato,8138,7147,0,2017-06-01,2017-09-15
3,potato/moderately early potato,8143.1,7144,0,2017-06-01,2017-09-15
3,potato/moderately early potato,8142,7144.6,0,2017-06-01,2017-09-15
3,potato/moderately early potato,8131.3,7150.8,0,2017-06-01,2017-09-15
3,potato/moderately early potato,8142,7144.6,0,2017-06-01,2017-09-15
3,potato/moderately early potato,8142,7144.6,0,2017-06-01,2017-09-15
3,potato/moderately early potato,8142,7144.6,0,2017-06-01,2017-09-15
3,potato/moderately early potato,8142,7144.6,0,2017-06-01,2017-09-15
3,potato/moderately early potato,8120.8,7156.5,0,2017-06-01,2017-09-15
3,potato/moderately early potato,8120.8,7156.5,0,2017-06-01,2017-09-15
3,potato/moderately early potato,8109.9,7162.7,0,2017-06-01,2017-09-15
3,potato/moderately early potato,8109.9,7162.7,0,2017-06-01,2017-09-15
3,potato/moderately early potato,8109.9,7162.7,0,2017-06-01,2017-09-15
3,potato/moderately early potato,8109.9,7162.7,0,2017-06-01,2017-09-15
3,potato/moderately early potato,8131.3,7150.8,0,2017-06-01,2017-09-15
3,potato/moderately early potato,8109.9,7162.7,0,2017-06-01,2017-09-15
3,potato/moderately early potato,7974.6,7382.3,0,2017-06-01,2017-09-15
3,potato/moderately early potato,8142.8,7144.1,0,2017-06-01,2017-09-15
3,potato/moderately early potato,7974.6,7382.3,0,2017-06-01,2017-09-15
3,potato/moderately early potato,7974.6,7382.3,0,2017-06-01,2017-09-15
3,potato/moderately early potato,7974.6,7382.3,0,2017-06-01,2017-09-15
3,potato/moderately early potato,7974.6,7382.3,0,2017-06-01,2017-09-15
3,potato/moderately early potato,8126.9,7152.9,0,2017-06-01,2017-09-15
3,potato/moderately early potato,8126.9,7152.9,0,2017-06-01,2017-09-15
3,potato/moderately early potato,8116.6,7158.8,0,2017-06-01,2017-09-15
3,potato/moderately early potato,8116.6,7158.8,0,2017-06-01,2017-09-15
3,potato/moderately early potato,8116.6,7158.8,0,2017-06-01,2017-09-15
3,potato/moderately early potato,8116.6,7158.8,0,2017-06-01,2017-09-15
3,potato/moderately early potato,8142.8,7144.1,0,2017-06-01,2017-09-15
3,potato/moderately early potato,8116.6,7158.8,0,2017-06-01,2017-09-15
3,potato/moderately early potato,7994.3,7371.9,0,2017-06-01,2017-09-15
3,potato/moderately early potato,7977.5,7380.8,0,2017-06-01,2017-09-15
3,potato/moderately early potato,7994.3,7371.9,0,2017-06-01,2017-09-15
3,potato/moderately early potato,7972.7,7355.4,0,2017-06-01,2017-09-15
3,potato/moderately early potato,7987.9,7365.4,0,2017-06-01,2017-09-15
3,potato/moderately early potato,7979,7358.7,0,2017-06-01,2017-09-15
3,potato/moderately early potato,7997.7,7370.1,0,2017-06-01,2017-09-15
3,potato/moderately early potato,7984.7,7358.8,0,2017-06-01,2017-09-15
3,potato/moderately early potato,7980.9,7379,0,2017-06-01,2017-09-15
3,potato/moderately early potato,7980.9,7379,0,2017-06-01,2017-09-15
3,potato/moderately early potato,7980.9,7379,0,2017-06-01,2017-09-15
3,potato/moderately early potato,7980.9,7379,0,2017-06-01,2017-09-15
3,potato/moderately early potato,7977.5,7380.8,0,2017-06-01,2017-09-15
3,potato/moderately early potato,7980.9,7379,0,2017-06-01,2017-09-15
3,potato/moderately early potato,8109.2,7163.1,0,2017-06-01,2017-09-15
3,potato/moderately early potato,8090.9,7172.7,0,2017-06-01,2017-09-15
3,potato/moderately early potato,8109.2,7163.1,0,2017-06-01,2017-09-15
3,potato/moderately early potato,8109.2,7163.1,0,2017-06-01,2017-09-15
3,potato/moderately early potato,8109.2,7163.1,0,2017-06-01,2017-09-15
3,potato/moderately early potato,8109.2,7163.1,0,2017-06-01,2017-09-15
3,potato/moderately early potato,8113.9,7160.4,0,2017-06-01,2017-09-15
3,potato/moderately early potato,8113.9,7160.4,0,2017-06-01,2017-09-15
3,potato/moderately early potato,8095.6,7170.1,0,2017-06-01,2017-09-15
3,potato/moderately early potato,8095.6,7170.1,0,2017-06-01,2017-09-15
3,potato/moderately early potato,8095.6,7170.1,0,2017-06-01,2017-09-15
3,potato/moderately early potato,8095.6,7170.1,0,2017-06-01,2017-09-15
3,potato/moderately early potato,8090.9,7172.7,0,2017-06-01,2017-09-15
3,potato/moderately early potato,8095.6,7170.1,0,2017-06-01,2017-09-15
3,potato/moderately early potato,8073.8,7182.3,0,2017-06-01,2017-09-15
3,potato/moderately early potato,8093.7,7171.2,0,2017-06-01,2017-09-15
3,potato/moderately early potato,8073.8,7182.3,0,2017-06-01,2017-09-15
3,potato/moderately early potato,8073.8,7182.3,0,2017-06-01,2017-09-15
3,potato/moderately early potato,8073.8,7182.3,0,2017-06-01,2017-09-15
3,potato/moderately early potato,8073.8,7182.3,0,2017-06-01,2017-09-15
3,potato/moderately early potato,8079,7179.4,0,2017-06-01,2017-09-15
3,potato/moderately early potato,8079,7179.4,0,2017-06-01,2017-09-15
3,potato/moderately early potato,8098.6,7169.1,0,2017-06-01,2017-09-15
3,potato/moderately early potato,8098.6,7169.1,0,2017-06-01,2017-09-15
3,potato/moderately early potato,8098.6,7169.1,0,2017-06-01,2017-09-15
3,potato/moderately early potato,8098.6,7169.1,0,2017-06-01,2017-09-15
3,potato/moderately early potato,8093.7,7171.2,0,2017-06-01,2017-09-15
3,potato/moderately early potato,8098.6,7169.1,0,2017-06-01,2017-09-15
3,potato/moderately early potato,8143.4,7143.8,0,2017-06-01,2017-09-15
3,potato/moderately early potato,8086.6,7175.1,0,2017-06-01,2017-09-15
3,potato/moderately early potato,8143.4,7143.8,0,2017-06-01,2017-09-15
3,potato/moderately early potato,8143.4,7143.8,0,2017-06-01,2017-09-15
3,potato/moderately early potato,8143.4,7143.8,0,2017-06-01,2017-09-15
3,potato/moderately early potato,8143.4,7143.8,0,2017-06-01,2017-09-15
3,potato/moderately early potato,8147.5,7141.4,0,2017-06-01,2017-09-15
3,potato/moderately early potato,8147.5,7141.4,0,2017-06-01,2017-09-15
3,potato/moderately early potato,8090.7,7172.8,0,2017-06-01,2017-09-15
3,potato/moderately early potato,8090.7,7172.8,0,2017-06-01,2017-09-15
3,potato/moderately early potato,8090.7,7172.8,0,2017-06-01,2017-09-15
3,potato/moderately early potato,8090.7,7172.8,0,2017-06-01,2017-09-15
3,potato/moderately early potato,8086.6,7175.1,0,2017-06-01,2017-09-15
3,potato/moderately early potato,8090.7,7172.8,0,2017-06-01,2017-09-15
3,potato/moderately early potato,8153,7138.2,0,2017-06-01,2017-09-15
3,potato/moderately early potato,8153.8,7137.8,0,2017-06-01,2017-09-15
3,potato/moderately early potato,8153,7138.2,0,2017-06-01,2017-09-15
3,potato/moderately early potato,8153,7138.2,0,2017-06-01,2017-09-15
3,potato/moderately early potato,8153,7138.2,0,2017-06-01,2017-09-15
3,potato/moderately early potato,8153,7138.2,0,2017-06-01,2017-09-15
3,potato/moderately early potato,8131.2,7150.9,0,2017-06-01,2017-09-15
3,potato/moderately early potato,8131.2,7150.9,0,2017-06-01,2017-09-15
3,potato/moderately early potato,8131.9,7150.5,0,2017-06-01,2017-09-15
3,potato/moderately early potato,8131.9,7150.5,0,2017-06-01,2017-09-15
3,potato/moderately early potato,8131.9,7150.5,0,2017-06-01,2017-09-15
3,potato/moderately early potato,8131.9,7150.5,0,2017-06-01,2017-09-15
3,potato/moderately early potato,8153.8,7137.8,0,2017-06-01,2017-09-15
3,potato/moderately early potato,8131.9,7150.5,0,2017-06-01,2017-09-15
3,potato/moderately early potato,8088.2,7174.3,0,2017-06-01,2017-09-15
3,potato/moderately early potato,8088.9,7173.8,0,2017-06-01,2017-09-15
3,potato/moderately early potato,8088.2,7174.3,0,2017-06-01,2017-09-15
3,potato/moderately early potato,8088.2,7174.3,0,2017-06-01,2017-09-15
3,potato/moderately early potato,8088.2,7174.3,0,2017-06-01,2017-09-15
3,potato/moderately early potato,8088.2,7174.3,0,2017-06-01,2017-09-15
3,potato/moderately early potato,8060.9,7189.5,0,2017-06-01,2017-09-15
3,potato/moderately early potato,8060.9,7189.5,0,2017-06-01,2017-09-15
3,potato/moderately early potato,8061.6,7189,0,2017-06-01,2017-09-15
3,potato/moderately early potato,8061.6,7189,0,2017-06-01,2017-09-15
3,potato/moderately early potato,8061.6,7189,0,2017-06-01,2017-09-15
3,potato/moderately early potato,8061.6,7189,0,2017-06-01,2017-09-15
3,potato/moderately early potato,8088.9,7173.8,0,2017-06-01,2017-09-15
3,potato/moderately early potato,8061.6,7189,0,2017-06-01,2017-09-15
3,potato/moderately early potato,8091.7,7172.3,0,2017-06-01,2017-09-15
3,potato/moderately early potato,8131,7151,0,2017-06-01,2017-09-15
3,potato/moderately early potato,8091.7,7172.3,0,2017-06-01,2017-09-15
3,potato/moderately early potato,8091.7,7172.3,0,2017-06-01,2017-09-15
3,potato/moderately early potato,8091.7,7172.3,0,2017-06-01,2017-09-15
3,potato/moderately early potato,8091.7,7172.3,0,2017-06-01,2017-09-15
3,potato/moderately early potato,8096.7,7169.5,0,2017-06-01,2017-09-15
3,potato/moderately early potato,8096.7,7169.5,0,2017-06-01,2017-09-15
3,potato/moderately early potato,8135.9,7148.2,0,2017-06-01,2017-09-15
3,potato/moderately early potato,8135.9,7148.2,0,2017-06-01,2017-09-15
3,potato/moderately early potato,8135.9,7148.2,0,2017-06-01,2017-09-15
3,potato/moderately early potato,8135.9,7148.2,0,2017-06-01,2017-09-15
3,potato/moderately early potato,8131,7151,0,2017-06-01,2017-09-15
3,potato/moderately early potato,8135.9,7148.2,0,2017-06-01,2017-09-15
3,potato/moderately early potato,7979.9,7379.5,0,2017-06-01,2017-09-15
3,potato/moderately early potato,8121.9,7155.9,0,2017-06-01,2017-09-15
3,potato/moderately early potato,7979.9,7379.5,0,2017-06-01,2017-09-15
3,potato/moderately early potato,7979.9,7379.5,0,2017-06-01,2017-09-15
3,potato/moderately early potato,7979.9,7379.5,0,2017-06-01,2017-09-15
3,potato/moderately early potato,7979.9,7379.5,0,2017-06-01,2017-09-15
3,potato/moderately early potato,7983.5,7377.6,0,2017-06-01,2017-09-15
3,potato/moderately early potato,7983.5,7377.6,0,2017-06-01,2017-09-15
3,potato/moderately early potato,8125.9,7153.6,0,2017-06-01,2017-09-15
3,potato/moderately early potato,8125.9,7153.6,0,2017-06-01,2017-09-15
3,potato/moderately early potato,8125.9,7153.6,0,2017-06-01,2017-09-15
3,potato/moderately early potato,8125.9,7153.6,0,2017-06-01,2017-09-15
3,potato/moderately early potato,8121.9,7155.9,0,2017-06-01,2017-09-15
3,potato/moderately early potato,8125.9,7153.6,0,2017-06-01,2017-09-15
3,potato/moderately early potato,8144.5,7143.1,0,2017-06-01,2017-09-15
3,potato/moderately early potato,8135.9,7148.2,0,2017-06-01,2017-09-15
3,potato/moderately early potato,8144.5,7143.1,0,2017-06-01,2017-09-15
3,potato/moderately early potato,8144.5,7143.1,0,2017-06-01,2017-09-15
3,potato/moderately early potato,8144.5,7143.1,0,2017-06-01,2017-09-15
3,potato/moderately early potato,8144.5,7143.1,0,2017-06-01,2017-09-15
3,potato/moderately early potato,7987.3,7375.6,0,2017-06-01,2017-09-15
3,potato/moderately early potato,7987.3,7375.6,0,2017-06-01,2017-09-15
3,potato/moderately early potato,7979.1,7379.9,0,2017-06-01,2017-09-15
3,potato/moderately early potato,7979.1,7379.9,0,2017-06-01,2017-09-15
3,potato/moderately early potato,7979.1,7379.9,0,2017-06-01,2017-09-15
3,potato/moderately early potato,7979.1,7379.9,0,2017-06-01,2017-09-15
3,potato/moderately early potato,8135.9,7148.2,0,2017-06-01,2017-09-15
3,potato/moderately early potato,7979.1,7379.9,0,2017-06-01,2017-09-15
3,potato/moderately early potato,8074.1,7182.1,0,2017-06-01,2017-09-15
3,potato/moderately early potato,8065.3,7187,0,2017-06-01,2017-09-15
3,potato/moderately early potato,8074.1,7182.1,0,2017-06-01,2017-09-15
3,potato/moderately early potato,8074.1,7182.1,0,2017-06-01,2017-09-15
3,potato/moderately early potato,8074.1,7182.1,0,2017-06-01,2017-09-15
3,potato/moderately early potato,8074.1,7182.1,0,2017-06-01,2017-09-15
3,potato/moderately early potato,8103,7166.6,0,2017-06-01,2017-09-15
3,potato/moderately early potato,8103,7166.6,0,2017-06-01,2017-09-15
3,potato/moderately early potato,8094.5,7170.7,0,2017-06-01,2017-09-15
3,potato/moderately early potato,8094.5,7170.7,0,2017-06-01,2017-09-15
3,potato/moderately early potato,8094.5,7170.7,0,2017-06-01,2017-09-15
3,potato/moderately early potato,8094.5,7170.7,0,2017-06-01,2017-09-15
3,potato/moderately early potato,8065.3,7187,0,2017-06-01,2017-09-15
3,potato/moderately early potato,8094.5,7170.7,0,2017-06-01,2017-09-15
3,potato/moderately early potato,8072,7183.2,0,2017-06-01,2017-09-15
3,potato/moderately early potato,8139.5,7146,0,2017-06-01,2017-09-15
3,potato/moderately early potato,8072,7183.2,0,2017-06-01,2017-09-15
3,potato/moderately early potato,8072,7183.2,0,2017-06-01,2017-09-15
3,potato/moderately early potato,8072,7183.2,0,2017-06-01,2017-09-15
3,potato/moderately early potato,8072,7183.2,0,2017-06-01,2017-09-15
3,potato/moderately early potato,8068.9,7185,0,2017-06-01,2017-09-15
3,potato/moderately early potato,8068.9,7185,0,2017-06-01,2017-09-15
3,potato/moderately early potato,8136.5,7147.8,0,2017-06-01,2017-09-15
3,potato/moderately early potato,8136.5,7147.8,0,2017-06-01,2017-09-15
3,potato/moderately early potato,8136.5,7147.8,0,2017-06-01,2017-09-15
3,potato/moderately early potato,8136.5,7147.8,0,2017-06-01,2017-09-15
3,potato/moderately early potato,8139.5,7146,0,2017-06-01,2017-09-15
3,potato/moderately early potato,8136.5,7147.8,0,2017-06-01,2017-09-15
3,potato/moderately early potato,8139,7146.3,0,2017-06-01,2017-09-15
3,potato/moderately early potato,8130.2,7151.5,0,2017-06-01,2017-09-15
3,potato/moderately early potato,8139,7146.3,0,2017-06-01,2017-09-15
3,potato/moderately early potato,8139,7146.3,0,2017-06-01,2017-09-15
3,potato/moderately early potato,8139,7146.3,0,2017-06-01,2017-09-15
3,potato/moderately early potato,8139,7146.3,0,2017-06-01,2017-09-15
3,potato/moderately early potato,8136.6,7147.8,0,2017-06-01,2017-09-15
3,potato/moderately early potato,8136.6,7147.8,0,2017-06-01,2017-09-15
3,potato/moderately early potato,8127.7,7152.9,0,2017-06-01,2017-09-15
3,potato/moderately early potato,8127.7,7152.9,0,2017-06-01,2017-09-15
3,potato/moderately early potato,8127.7,7152.9,0,2017-06-01,2017-09-15
3,potato/moderately early potato,8127.7,7152.9,0,2017-06-01,2017-09-15
3,potato/moderately early potato,8130.2,7151.5,0,2017-06-01,2017-09-15
3,potato/moderately early potato,8127.7,7152.9,0,2017-06-01,2017-09-15
3,potato/moderately early potato,8142,7144.6,0,2017-06-01,2017-09-15
3,potato/moderately early potato,8152.2,7138.7,0,2017-06-01,2017-09-15
3,potato/moderately early potato,8142,7144.6,0,2017-06-01,2017-09-15
3,potato/moderately early potato,8142,7144.6,0,2017-06-01,2017-09-15
3,potato/moderately early potato,8142,7144.6,0,2017-06-01,2017-09-15
3,potato/moderately early potato,8142,7144.6,0,2017-06-01,2017-09-15
3,potato/moderately early potato,8139.4,7146.1,0,2017-06-01,2017-09-15
3,potato/moderately early potato,8139.4,7146.1,0,2017-06-01,2017-09-15
3,potato/moderately early potato,8149.6,7140.2,0,2017-06-01,2017-09-15
3,potato/moderately early potato,8149.6,7140.2,0,2017-06-01,2017-09-15
3,potato/moderately early potato,8149.6,7140.2,0,2017-06-01,2017-09-15
3,potato/moderately early potato,8149.6,7140.2,0,2017-06-01,2017-09-15
3,potato/moderately early potato,8152.2,7138.7,0,2017-06-01,2017-09-15
3,potato/moderately early potato,8149.6,7140.2,0,2017-06-01,2017-09-15
3,potato/moderately early potato,8073.3,7182.6,0,2017-06-01,2017-09-15
3,potato/moderately early potato,8083.6,7176.8,0,2017-06-01,2017-09-15
3,potato/moderately early potato,8073.3,7182.6,0,2017-06-01,2017-09-15
3,potato/moderately early potato,8073.3,7182.6,0,2017-06-01,2017-09-15
3,potato/moderately early potato,8073.3,7182.6,0,2017-06-01,2017-09-15
3,potato/moderately early potato,8073.3,7182.6,0,2017-06-01,2017-09-15
3,potato/moderately early potato,8070,7184.4,0,2017-06-01,2017-09-15
3,potato/moderately early potato,8070,7184.4,0,2017-06-01,2017-09-15
3,potato/moderately early potato,8080.3,7178.6,0,2017-06-01,2017-09-15
3,potato/moderately early potato,8080.3,7178.6,0,2017-06-01,2017-09-15
3,potato/moderately early potato,8080.3,7178.6,0,2017-06-01,2017-09-15
3,potato/moderately early potato,8080.3,7178.6,0,2017-06-01,2017-09-15
3,potato/moderately early potato,8083.6,7176.8,0,2017-06-01,2017-09-15
3,potato/moderately early potato,8080.3,7178.6,0,2017-06-01,2017-09-15
3,potato/moderately early potato,8108.1,7163.7,0,2017-06-01,2017-09-15
3,potato/moderately early potato,8118.7,7157.7,0,2017-06-01,2017-09-15
3,potato/moderately early potato,8108.1,7163.7,0,2017-06-01,2017-09-15
3,potato/moderately early potato,8108.1,7163.7,0,2017-06-01,2017-09-15
3,potato/moderately early potato,8108.1,7163.7,0,2017-06-01,2017-09-15
3,potato/moderately early potato,8108.1,7163.7,0,2017-06-01,2017-09-15
3,potato/moderately early potato,8105.2,7165.4,0,2017-06-01,2017-09-15
3,potato/moderately early potato,8105.2,7165.4,0,2017-06-01,2017-09-15
3,potato/moderately early potato,8115.7,7159.3,0,2017-06-01,2017-09-15
3,potato/moderately early potato,8115.7,7159.3,0,2017-06-01,2017-09-15
3,potato/moderately early potato,8115.7,7159.3,0,2017-06-01,2017-09-15
3,potato/moderately early potato,8115.7,7159.3,0,2017-06-01,2017-09-15
3,potato/moderately early potato,8118.7,7157.7,0,2017-06-01,2017-09-15
3,potato/moderately early potato,8115.7,7159.3,0,2017-06-01,2017-09-15
3,potato/moderately early potato,7992.8,7372.7,0,2017-06-01,2017-09-15
3,potato/moderately early potato,8107.1,7164.3,0,2017-06-01,2017-09-15
3,potato/moderately early potato,7992.8,7372.7,0,2017-06-01,2017-09-15
3,potato/moderately early potato,7992.8,7372.7,0,2017-06-01,2017-09-15
3,potato/moderately early potato,7992.8,7372.7,0,2017-06-01,2017-09-15
3,potato/moderately early potato,7978.8,7361,0,2017-06-01,2017-09-15
3,potato/moderately early potato,7990.7,7373.8,0,2017-06-01,2017-09-15
3,potato/moderately early potato,7990.7,7373.8,0,2017-06-01,2017-09-15
3,potato/moderately early potato,8104.7,7165.6,0,2017-06-01,2017-09-15
3,potato/moderately early potato,8104.7,7165.6,0,2017-06-01,2017-09-15
3,potato/moderately early potato,8104.7,7165.6,0,2017-06-01,2017-09-15
3,potato/moderately early potato,8104.7,7165.6,0,2017-06-01,2017-09-15
3,potato/moderately early potato,8107.1,7164.3,0,2017-06-01,2017-09-15
3,potato/moderately early potato,8104.7,7165.6,0,2017-06-01,2017-09-15
3,potato/moderately early potato,8126.2,7153.4,0,2017-06-01,2017-09-15
3,potato/moderately early potato,8079.1,7179.3,0,2017-06-01,2017-09-15
3,potato/moderately early potato,8126.2,7153.4,0,2017-06-01,2017-09-15
3,potato/moderately early potato,8100.4,7135.3,0,2017-06-01,2017-09-15
3,potato/moderately early potato,8126.2,7153.4,0,2017-06-01,2017-09-15
3,potato/moderately early potato,8126.2,7153.4,0,2017-06-01,2017-09-15
3,potato/moderately early potato,8150.5,7139.7,0,2017-06-01,2017-09-15
3,potato/moderately early potato,8146.2,7135.2,0,2017-06-01,2017-09-15
3,potato/moderately early potato,8103.2,7166.5,0,2017-06-01,2017-09-15
3,potato/moderately early potato,8103.2,7166.5,0,2017-06-01,2017-09-15
3,potato/moderately early potato,8103.2,7166.5,0,2017-06-01,2017-09-15
3,potato/moderately early potato,8103.2,7166.5,0,2017-06-01,2017-09-15
3,potato/moderately early potato,8079.1,7179.3,0,2017-06-01,2017-09-15
3,potato/moderately early potato,8103.2,7166.5,0,2017-06-01,2017-09-15
3,potato/moderately early potato,8118.4,7157.8,0,2017-06-01,2017-09-15
3,potato/moderately early potato,8148.1,7141,0,2017-06-01,2017-09-15
3,potato/moderately early potato,8118.4,7157.8,0,2017-06-01,2017-09-15
3,potato/moderately early potato,8118.4,7157.8,0,2017-06-01,2017-09-15
3,potato/moderately early potato,8118.4,7157.8,0,2017-06-01,2017-09-15
3,potato/moderately early potato,8118.4,7157.8,0,2017-06-01,2017-09-15
3,potato/moderately early potato,8080.2,7178.7,0,2017-06-01,2017-09-15
3,potato/moderately early potato,8080.2,7178.7,0,2017-06-01,2017-09-15
3,potato/moderately early potato,8109.7,7162.8,0,2017-06-01,2017-09-15
3,potato/moderately early potato,8109.7,7162.8,0,2017-06-01,2017-09-15
3,potato/moderately early potato,8109.7,7162.8,0,2017-06-01,2017-09-15
3,potato/moderately early potato,8109.7,7162.8,0,2017-06-01,2017-09-15
3,potato/moderately early potato,8148.1,7141,0,2017-06-01,2017-09-15
3,potato/moderately early potato,8109.7,7162.8,0,2017-06-01,2017-09-15
3,potato/moderately early potato,8112.1,7161.4,0,2017-06-01,2017-09-15
3,potato/moderately early potato,8103.2,7166.5,0,2017-06-01,2017-09-15
3,potato/moderately early potato,8112.1,7161.4,0,2017-06-01,2017-09-15
3,potato/moderately early potato,8112.1,7161.4,0,2017-06-01,2017-09-15
3,potato/moderately early potato,8112.1,7161.4,0,2017-06-01,2017-09-15
3,potato/moderately early potato,8112.1,7161.4,0,2017-06-01,2017-09-15
3,potato/moderately early potato,8078,7179.9,0,2017-06-01,2017-09-15
3,potato/moderately early potato,8078,7179.9,0,2017-06-01,2017-09-15
3,potato/moderately early potato,8069.4,7184.7,0,2017-06-01,2017-09-15
3,potato/moderately early potato,8069.4,7184.7,0,2017-06-01,2017-09-15
3,potato/moderately early potato,8069.4,7184.7,0,2017-06-01,2017-09-15
3,potato/moderately early potato,8069.4,7184.7,0,2017-06-01,2017-09-15
3,potato/moderately early potato,8103.2,7166.5,0,2017-06-01,2017-09-15
3,potato/moderately early potato,8069.4,7184.7,0,2017-06-01,2017-09-15
3,potato/moderately early potato,8123.3,7155,0,2017-06-01,2017-09-15
3,potato/moderately early potato,8114.3,7160.2,0,2017-06-01,2017-09-15
3,potato/moderately early potato,8123.3,7155,0,2017-06-01,2017-09-15
3,potato/moderately early potato,8123.3,7155,0,2017-06-01,2017-09-15
3,potato/moderately early potato,8123.3,7155,0,2017-06-01,2017-09-15
3,potato/moderately early potato,8123.3,7155,0,2017-06-01,2017-09-15
3,potato/moderately early potato,8145.4,7142.7,0,2017-06-01,2017-09-15
3,potato/moderately early potato,8145.4,7142.7,0,2017-06-01,2017-09-15
3,potato/moderately early potato,8136.5,7147.8,0,2017-06-01,2017-09-15
3,potato/moderately early potato,8136.5,7147.8,0,2017-06-01,2017-09-15
3,potato/moderately early potato,8136.5,7147.8,0,2017-06-01,2017-09-15
3,potato/moderately early potato,8136.5,7147.8,0,2017-06-01,2017-09-15
3,potato/moderately early potato,8114.3,7160.2,0,2017-06-01,2017-09-15
3,potato/moderately early potato,8136.5,7147.8,0,2017-06-01,2017-09-15
3,potato/moderately early potato,8088.8,7173.9,0,2017-06-01,2017-09-15
3,potato/moderately early potato,8060.7,7189.6,0,2017-06-01,2017-09-15
3,potato/moderately early potato,8088.8,7173.9,0,2017-06-01,2017-09-15
3,potato/moderately early potato,8088.8,7173.9,0,2017-06-01,2017-09-15
3,potato/moderately early potato,8088.8,7173.9,0,2017-06-01,2017-09-15
3,potato/moderately early potato,8088.8,7173.9,0,2017-06-01,2017-09-15
3,potato/moderately early potato,8142.1,7144.6,0,2017-06-01,2017-09-15
3,potato/moderately early potato,8142.1,7144.6,0,2017-06-01,2017-09-15
3,potato/moderately early potato,8113.6,7160.6,0,2017-06-01,2017-09-15
3,potato/moderately early potato,8113.6,7160.6,0,2017-06-01,2017-09-15
3,potato/moderately early potato,8113.6,7160.6,0,2017-06-01,2017-09-15
3,potato/moderately early potato,8113.6,7160.6,0,2017-06-01,2017-09-15
3,potato/moderately early potato,8060.7,7189.6,0,2017-06-01,2017-09-15
3,potato/moderately early potato,8113.6,7160.6,0,2017-06-01,2017-09-15
3,potato/moderately early potato,8082.9,7177.2,0,2017-06-01,2017-09-15
3,potato/moderately early potato,8131.7,7150.6,0,2017-06-01,2017-09-15
3,potato/moderately early potato,8082.9,7177.2,0,2017-06-01,2017-09-15
3,potato/moderately early potato,8082.9,7177.2,0,2017-06-01,2017-09-15
3,potato/moderately early potato,8082.9,7177.2,0,2017-06-01,2017-09-15
3,potato/moderately early potato,8082.9,7177.2,0,2017-06-01,2017-09-15
3,potato/moderately early potato,8076.4,7180.8,0,2017-06-01,2017-09-15
3,potato/moderately early potato,8076.4,7180.8,0,2017-06-01,2017-09-15
3,potato/moderately early potato,8125,7154.1,0,2017-06-01,2017-09-15
3,potato/moderately early potato,8125,7154.1,0,2017-06-01,2017-09-15
3,potato/moderately early potato,8125,7154.1,0,2017-06-01,2017-09-15
3,potato/moderately early potato,8125,7154.1,0,2017-06-01,2017-09-15
3,potato/moderately early potato,8131.7,7150.6,0,2017-06-01,2017-09-15
3,potato/moderately early potato,8125,7154.1,0,2017-06-01,2017-09-15
3,potato/moderately early potato,8115.4,7159.5,0,2017-06-01,2017-09-15
3,potato/moderately early potato,8125.9,7153.5,0,2017-06-01,2017-09-15
3,potato/moderately early potato,8115.4,7159.5,0,2017-06-01,2017-09-15
3,potato/moderately early potato,8115.4,7159.5,0,2017-06-01,2017-09-15
3,potato/moderately early potato,8115.4,7159.5,0,2017-06-01,2017-09-15
3,potato/moderately early potato,8115.4,7159.5,0,2017-06-01,2017-09-15
3,potato/moderately early potato,8079.3,7179.2,0,2017-06-01,2017-09-15
3,potato/moderately early potato,8079.3,7179.2,0,2017-06-01,2017-09-15
3,potato/moderately early potato,8089.6,7173.4,0,2017-06-01,2017-09-15
3,potato/moderately early potato,8089.6,7173.4,0,2017-06-01,2017-09-15
3,potato/moderately early potato,8089.6,7173.4,0,2017-06-01,2017-09-15
3,potato/moderately early potato,8089.6,7173.4,0,2017-06-01,2017-09-15
3,potato/moderately early potato,8125.9,7153.5,0,2017-06-01,2017-09-15
3,potato/moderately early potato,8089.6,7173.4,0,2017-06-01,2017-09-15
3,potato/moderately early potato,8125,7154,0,2017-06-01,2017-09-15
3,potato/moderately early potato,8135.3,7148.5,0,2017-06-01,2017-09-15
3,potato/moderately early potato,8125,7154,0,2017-06-01,2017-09-15
3,potato/moderately early potato,8125,7154,0,2017-06-01,2017-09-15
3,potato/moderately early potato,8125,7154,0,2017-06-01,2017-09-15
3,potato/moderately early potato,8125,7154,0,2017-06-01,2017-09-15
3,potato/moderately early potato,8148.2,7141,0,2017-06-01,2017-09-15
3,potato/moderately early potato,8148.2,7141,0,2017-06-01,2017-09-15
3,potato/moderately early potato,7979,7380,0,2017-06-01,2017-09-15
3,potato/moderately early potato,7979,7380,0,2017-06-01,2017-09-15
3,potato/moderately early potato,7979,7380,0,2017-06-01,2017-09-15
3,potato/moderately early potato,7979,7380,0,2017-06-01,2017-09-15
3,potato/moderately early potato,8135.3,7148.5,0,2017-06-01,2017-09-15
3,potato/moderately early potato,7979,7380,0,2017-06-01,2017-09-15
3,potato/moderately early potato,8141.5,7144.9,0,2017-06-01,2017-09-15
3,potato/moderately early potato,8094.2,7170.9,0,2017-06-01,2017-09-15
3,potato/moderately early potato,8141.5,7144.9,0,2017-06-01,2017-09-15
3,potato/moderately early potato,8141.5,7144.9,0,2017-06-01,2017-09-15
3,potato/moderately early potato,8141.5,7144.9,0,2017-06-01,2017-09-15
3,potato/moderately early potato,8141.5,7144.9,0,2017-06-01,2017-09-15
3,potato/moderately early potato,8149.4,7140.3,0,2017-06-01,2017-09-15
3,potato/moderately early potato,8149.4,7140.3,0,2017-06-01,2017-09-15
3,potato/moderately early potato,8101.9,7167.2,0,2017-06-01,2017-09-15
3,potato/moderately early potato,8101.9,7167.2,0,2017-06-01,2017-09-15
3,potato/moderately early potato,8101.9,7167.2,0,2017-06-01,2017-09-15
3,potato/moderately early potato,8101.9,7167.2,0,2017-06-01,2017-09-15
3,potato/moderately early potato,8094.2,7170.9,0,2017-06-01,2017-09-15
3,potato/moderately early potato,8101.9,7167.2,0,2017-06-01,2017-09-15
3,potato/moderately early potato,8129.9,7151.6,0,2017-06-01,2017-09-15
3,potato/moderately early potato,7979.4,7379.8,0,2017-06-01,2017-09-15
3,potato/moderately early potato,8129.9,7151.6,0,2017-06-01,2017-09-15
3,potato/moderately early potato,8129.9,7151.6,0,2017-06-01,2017-09-15
3,potato/moderately early potato,8129.9,7151.6,0,2017-06-01,2017-09-15
3,potato/moderately early potato,8129.9,7151.6,0,2017-06-01,2017-09-15
3,potato/moderately early potato,8079.8,7178.9,0,2017-06-01,2017-09-15
3,potato/moderately early potato,8079.8,7178.9,0,2017-06-01,2017-09-15
3,potato/moderately early potato,8109.3,7163,0,2017-06-01,2017-09-15
3,potato/moderately early potato,8109.3,7163,0,2017-06-01,2017-09-15
3,potato/moderately early potato,8109.3,7163,0,2017-06-01,2017-09-15
3,potato/moderately early potato,8109.3,7163,0,2017-06-01,2017-09-15
3,potato/moderately early potato,7979.4,7379.8,0,2017-06-01,2017-09-15
3,potato/moderately early potato,8109.3,7163,0,2017-06-01,2017-09-15
3,potato/moderately early potato,8097.9,7168.8,0,2017-06-01,2017-09-15
3,potato/moderately early potato,8127.7,7152.9,0,2017-06-01,2017-09-15
3,potato/moderately early potato,8097.9,7168.8,0,2017-06-01,2017-09-15
3,potato/moderately early potato,8097.9,7168.8,0,2017-06-01,2017-09-15
3,potato/moderately early potato,8097.9,7168.8,0,2017-06-01,2017-09-15
3,potato/moderately early potato,8097.9,7168.8,0,2017-06-01,2017-09-15
3,potato/moderately early potato,8077.3,7180.3,0,2017-06-01,2017-09-15
3,potato/moderately early potato,8077.3,7180.3,0,2017-06-01,2017-09-15
3,potato/moderately early potato,8106.4,7164.7,0,2017-06-01,2017-09-15
3,potato/moderately early potato,8106.4,7164.7,0,2017-06-01,2017-09-15
3,potato/moderately early potato,8106.4,7164.7,0,2017-06-01,2017-09-15
3,potato/moderately early potato,8106.4,7164.7,0,2017-06-01,2017-09-15
3,potato/moderately early potato,8127.7,7152.9,0,2017-06-01,2017-09-15
3,potato/moderately early potato,8106.4,7164.7,0,2017-06-01,2017-09-15
3,potato/moderately early potato,8106.3,7164.7,0,2017-06-01,2017-09-15
3,potato/moderately early potato,8135.8,7148.2,0,2017-06-01,2017-09-15
3,potato/moderately early potato,8106.3,7164.7,0,2017-06-01,2017-09-15
3,potato/moderately early potato,8106.3,7164.7,0,2017-06-01,2017-09-15
3,potato/moderately early potato,8106.3,7164.7,0,2017-06-01,2017-09-15
3,potato/moderately early potato,8106.3,7164.7,0,2017-06-01,2017-09-15
3,potato/moderately early potato,8143.8,7143.6,0,2017-06-01,2017-09-15
3,potato/moderately early potato,8143.8,7143.6,0,2017-06-01,2017-09-15
3,potato/moderately early potato,7992.1,7373.1,0,2017-06-01,2017-09-15
3,potato/moderately early potato,7992.1,7373.1,0,2017-06-01,2017-09-15
3,potato/moderately early potato,7992.1,7373.1,0,2017-06-01,2017-09-15
3,potato/moderately early potato,7992.1,7373.1,0,2017-06-01,2017-09-15
3,potato/moderately early potato,8135.8,7148.2,0,2017-06-01,2017-09-15
3,potato/moderately early potato,7992.1,7373.1,0,2017-06-01,2017-09-15
3,potato/moderately early potato,8124.2,7154.5,0,2017-06-01,2017-09-15
3,potato/moderately early potato,8096.1,7169.8,0,2017-06-01,2017-09-15
3,potato/moderately early potato,8124.2,7154.5,0,2017-06-01,2017-09-15
3,potato/moderately early potato,8124.2,7154.5,0,2017-06-01,2017-09-15
3,potato/moderately early potato,8124.2,7154.5,0,2017-06-01,2017-09-15
3,potato/moderately early potato,8124.2,7154.5,0,2017-06-01,2017-09-15
3,potato/moderately early potato,7979.3,7379.8,0,2017-06-01,2017-09-15
3,potato/moderately early potato,7979.3,7379.8,0,2017-06-01,2017-09-15
3,potato/moderately early potato,8131.4,7150.8,0,2017-06-01,2017-09-15
3,potato/moderately early potato,8131.4,7150.8,0,2017-06-01,2017-09-15
3,potato/moderately early potato,8131.4,7150.8,0,2017-06-01,2017-09-15
3,potato/moderately early potato,8131.4,7150.8,0,2017-06-01,2017-09-15
3,potato/moderately early potato,8096.1,7169.8,0,2017-06-01,2017-09-15
3,potato/moderately early potato,8131.4,7150.8,0,2017-06-01,2017-09-15
3,potato/moderately early potato,8113.8,7160.5,0,2017-06-01,2017-09-15
3,potato/moderately early potato,7982.8,7378,0,2017-06-01,2017-09-15
3,potato/moderately early potato,8113.8,7160.5,0,2017-06-01,2017-09-15
3,potato/moderately early potato,8113.8,7160.5,0,2017-06-01,2017-09-15
3,potato/moderately early potato,8113.8,7160.5,0,2017-06-01,2017-09-15
3,potato/moderately early potato,8113.8,7160.5,0,2017-06-01,2017-09-15
3,potato/moderately early potato,8094.3,7170.8,0,2017-06-01,2017-09-15
3,potato/moderately early potato,8094.3,7170.8,0,2017-06-01,2017-09-15
3,potato/moderately early potato,8143,7144,0,2017-06-01,2017-09-15
3,potato/moderately early potato,8143,7144,0,2017-06-01,2017-09-15
3,potato/moderately early potato,8143,7144,0,2017-06-01,2017-09-15
3,potato/moderately early potato,8143,7144,0,2017-06-01,2017-09-15
3,potato/moderately early potato,7982.8,7378,0,2017-06-01,2017-09-15
3,potato/moderately early potato,8143,7144,0,2017-06-01,2017-09-15
3,potato/moderately early potato,8119.8,7157,0,2017-06-01,2017-09-15
3,potato/moderately early potato,8091.9,7172.2,0,2017-06-01,2017-09-15
3,potato/moderately early potato,8119.8,7157,0,2017-06-01,2017-09-15
3,potato/moderately early potato,8119.8,7157,0,2017-06-01,2017-09-15
3,potato/moderately early potato,8119.8,7157,0,2017-06-01,2017-09-15
3,potato/moderately early potato,8119.8,7157,0,2017-06-01,2017-09-15
3,potato/moderately early potato,8097.8,7168.9,0,2017-06-01,2017-09-15
3,potato/moderately early potato,8097.8,7168.9,0,2017-06-01,2017-09-15
3,potato/moderately early potato,8070,7184.4,0,2017-06-01,2017-09-15
3,potato/moderately early potato,8070,7184.4,0,2017-06-01,2017-09-15
3,potato/moderately early potato,8070,7184.4,0,2017-06-01,2017-09-15
3,potato/moderately early potato,8070,7184.4,0,2017-06-01,2017-09-15
3,potato/moderately early potato,8091.9,7172.2,0,2017-06-01,2017-09-15
3,potato/moderately early potato,8070,7184.4,0,2017-06-01,2017-09-15
3,potato/moderately early potato,8126.5,7153.2,0,2017-06-01,2017-09-15
3,potato/moderately early potato,8098.4,7169.2,0,2017-06-01,2017-09-15
3,potato/moderately early potato,8119.9,7146.6,0,2017-06-01,2017-09-15
3,potato/moderately early potato,8126.5,7153.2,0,2017-06-01,2017-09-15
3,potato/moderately early potato,8126.5,7153.2,0,2017-06-01,2017-09-15
3,potato/moderately early potato,8126.5,7153.2,0,2017-06-01,2017-09-15
3,potato/moderately early potato,7985.7,7376.4,0,2017-06-01,2017-09-15
3,potato/moderately early potato,7950.9,7353.2,0,2017-06-01,2017-09-15
3,potato/moderately early potato,8138.1,7146.9,0,2017-06-01,2017-09-15
3,potato/moderately early potato,8138.1,7146.9,0,2017-06-01,2017-09-15
3,potato/moderately early potato,8138.1,7146.9,0,2017-06-01,2017-09-15
3,potato/moderately early potato,8138.1,7146.9,0,2017-06-01,2017-09-15
3,potato/moderately early potato,8098.4,7169.2,0,2017-06-01,2017-09-15
3,potato/moderately early potato,8138.1,7146.9,0,2017-06-01,2017-09-15
3,potato/moderately early potato,8103.4,7127.6,0,2017-06-01,2017-09-15
3,potato/moderately early potato,8066.5,7186.3,0,2017-06-01,2017-09-15
3,potato/moderately early potato,8108.6,7129.4,0,2017-06-01,2017-09-15
3,potato/moderately early potato,8131.3,7145.1,0,2017-06-01,2017-09-15
3,potato/moderately early potato,8114.9,7132.6,0,2017-06-01,2017-09-15
3,potato/moderately early potato,8103.4,7127.6,0,2017-06-01,2017-09-15
3,potato/moderately early potato,8098.1,7130.6,0,2017-06-01,2017-09-15
3,potato/moderately early potato,8129.8,7151.7,0,2017-06-01,2017-09-15
3,potato/moderately early potato,8061.2,7189.3,0,2017-06-01,2017-09-15
3,potato/moderately early potato,8061.2,7189.3,0,2017-06-01,2017-09-15
3,potato/moderately early potato,8061.2,7189.3,0,2017-06-01,2017-09-15
3,potato/moderately early potato,8061.2,7189.3,0,2017-06-01,2017-09-15
3,potato/moderately early potato,8066.5,7186.3,0,2017-06-01,2017-09-15
3,potato/moderately early potato,8061.2,7189.3,0,2017-06-01,2017-09-15
3,potato/moderately early potato,8126.4,7153.3,0,2017-06-01,2017-09-15
3,potato/moderately early potato,8134.5,7148.9,0,2017-06-01,2017-09-15
3,potato/moderately early potato,8126.4,7153.3,0,2017-06-01,2017-09-15
3,potato/moderately early potato,8126.4,7153.3,0,2017-06-01,2017-09-15
3,potato/moderately early potato,8126.4,7153.3,0,2017-06-01,2017-09-15
3,potato/moderately early potato,8126.4,7153.3,0,2017-06-01,2017-09-15
3,potato/moderately early potato,8122.1,7155.7,0,2017-06-01,2017-09-15
3,potato/moderately early potato,8122.1,7155.7,0,2017-06-01,2017-09-15
3,potato/moderately early potato,8130.3,7151.4,0,2017-06-01,2017-09-15
3,potato/moderately early potato,8130.3,7151.4,0,2017-06-01,2017-09-15
3,potato/moderately early potato,8130.3,7151.4,0,2017-06-01,2017-09-15
3,potato/moderately early potato,8130.3,7151.4,0,2017-06-01,2017-09-15
3,potato/moderately early potato,8134.5,7148.9,0,2017-06-01,2017-09-15
3,potato/moderately early potato,8130.3,7151.4,0,2017-06-01,2017-09-15
3,potato/moderately early potato,8119.5,7157.2,0,2017-06-01,2017-09-15
3,potato/moderately early potato,8127.8,7152.9,0,2017-06-01,2017-09-15
3,potato/moderately early potato,8119.5,7157.2,0,2017-06-01,2017-09-15
3,potato/moderately early potato,8119.5,7157.2,0,2017-06-01,2017-09-15
3,potato/moderately early potato,8119.5,7157.2,0,2017-06-01,2017-09-15
3,potato/moderately early potato,8119.5,7157.2,0,2017-06-01,2017-09-15
3,potato/moderately early potato,8115.7,7159.4,0,2017-06-01,2017-09-15
3,potato/moderately early potato,8115.7,7159.4,0,2017-06-01,2017-09-15
3,potato/moderately early potato,8123.7,7154.8,0,2017-06-01,2017-09-15
3,potato/moderately early potato,8123.7,7154.8,0,2017-06-01,2017-09-15
3,potato/moderately early potato,8123.7,7154.8,0,2017-06-01,2017-09-15
3,potato/moderately early potato,8123.7,7154.8,0,2017-06-01,2017-09-15
3,potato/moderately early potato,8127.8,7152.9,0,2017-06-01,2017-09-15
3,potato/moderately early potato,8123.7,7154.8,0,2017-06-01,2017-09-15
3,potato/moderately early potato,8131.8,7150.5,0,2017-06-01,2017-09-15
3,potato/moderately early potato,8139.6,7146,0,2017-06-01,2017-09-15
3,potato/moderately early potato,8131.8,7150.5,0,2017-06-01,2017-09-15
3,potato/moderately early potato,8131.8,7150.5,0,2017-06-01,2017-09-15
3,potato/moderately early potato,8131.8,7150.5,0,2017-06-01,2017-09-15
3,potato/moderately early potato,8131.8,7150.5,0,2017-06-01,2017-09-15
3,potato/moderately early potato,8126.9,7153,0,2017-06-01,2017-09-15
3,potato/moderately early potato,8126.9,7153,0,2017-06-01,2017-09-15
3,potato/moderately early potato,8134.9,7148.7,0,2017-06-01,2017-09-15
3,potato/moderately early potato,8134.9,7148.7,0,2017-06-01,2017-09-15
3,potato/moderately early potato,8134.9,7148.7,0,2017-06-01,2017-09-15
3,potato/moderately early potato,8134.9,7148.7,0,2017-06-01,2017-09-15
3,potato/moderately early potato,8139.6,7146,0,2017-06-01,2017-09-15
3,potato/moderately early potato,8134.9,7148.7,0,2017-06-01,2017-09-15
3,potato/moderately early potato,8097.9,7168.8,0,2017-06-01,2017-09-15
3,potato/moderately early potato,8086.6,7175.1,0,2017-06-01,2017-09-15
3,potato/moderately early potato,8097.9,7168.8,0,2017-06-01,2017-09-15
3,potato/moderately early potato,8097.9,7168.8,0,2017-06-01,2017-09-15
3,potato/moderately early potato,8097.9,7168.8,0,2017-06-01,2017-09-15
3,potato/moderately early potato,8097.9,7168.8,0,2017-06-01,2017-09-15
3,potato/moderately early potato,8124.7,7154.2,0,2017-06-01,2017-09-15
3,potato/moderately early potato,8124.7,7154.2,0,2017-06-01,2017-09-15
3,potato/moderately early potato,8113.2,7160.8,0,2017-06-01,2017-09-15
3,potato/moderately early potato,8113.2,7160.8,0,2017-06-01,2017-09-15
3,potato/moderately early potato,8113.2,7160.8,0,2017-06-01,2017-09-15
3,potato/moderately early potato,8113.2,7160.8,0,2017-06-01,2017-09-15
3,potato/moderately early potato,8086.6,7175.1,0,2017-06-01,2017-09-15
3,potato/moderately early potato,8113.2,7160.8,0,2017-06-01,2017-09-15
3,potato/moderately early potato,8090.8,7172.8,0,2017-06-01,2017-09-15
3,potato/moderately early potato,7977.1,7381,0,2017-06-01,2017-09-15
3,potato/moderately early potato,8090.8,7172.8,0,2017-06-01,2017-09-15
3,potato/moderately early potato,8090.8,7172.8,0,2017-06-01,2017-09-15
3,potato/moderately early potato,8090.8,7172.8,0,2017-06-01,2017-09-15
3,potato/moderately early potato,8090.8,7172.8,0,2017-06-01,2017-09-15
3,potato/moderately early potato,8112,7161.5,0,2017-06-01,2017-09-15
3,potato/moderately early potato,8112,7161.5,0,2017-06-01,2017-09-15
3,potato/moderately early potato,7996.4,7370.8,0,2017-06-01,2017-09-15
3,potato/moderately early potato,7961.4,7347.5,0,2017-06-01,2017-09-15
3,potato/moderately early potato,7996.4,7370.8,0,2017-06-01,2017-09-15
3,potato/moderately early potato,7996.4,7370.8,0,2017-06-01,2017-09-15
3,potato/moderately early potato,7977.1,7381,0,2017-06-01,2017-09-15
3,potato/moderately early potato,7996.4,7370.8,0,2017-06-01,2017-09-15
3,potato/moderately early potato,8123.1,7155.1,0,2017-06-01,2017-09-15
3,potato/moderately early potato,8111.7,7161.6,0,2017-06-01,2017-09-15
3,potato/moderately early potato,8123.1,7155.1,0,2017-06-01,2017-09-15
3,potato/moderately early potato,8123.1,7155.1,0,2017-06-01,2017-09-15
3,potato/moderately early potato,8123.1,7155.1,0,2017-06-01,2017-09-15
3,potato/moderately early potato,8123.1,7155.1,0,2017-06-01,2017-09-15
3,potato/moderately early potato,8119,7157.5,0,2017-06-01,2017-09-15
3,potato/moderately early potato,8119,7157.5,0,2017-06-01,2017-09-15
3,potato/moderately early potato,8107.6,7164,0,2017-06-01,2017-09-15
3,potato/moderately early potato,8107.6,7164,0,2017-06-01,2017-09-15
3,potato/moderately early potato,8107.6,7164,0,2017-06-01,2017-09-15
3,potato/moderately early potato,8107.6,7164,0,2017-06-01,2017-09-15
3,potato/moderately early potato,8111.7,7161.6,0,2017-06-01,2017-09-15
3,potato/moderately early potato,8107.6,7164,0,2017-06-01,2017-09-15
3,potato/moderately early potato,8133.7,7149.4,0,2017-06-01,2017-09-15
3,potato/moderately early potato,8122.3,7155.6,0,2017-06-01,2017-09-15
3,potato/moderately early potato,8133.7,7149.4,0,2017-06-01,2017-09-15
3,potato/moderately early potato,8133.7,7149.4,0,2017-06-01,2017-09-15
3,potato/moderately early potato,8133.7,7149.4,0,2017-06-01,2017-09-15
3,potato/moderately early potato,8133.7,7149.4,0,2017-06-01,2017-09-15
3,potato/moderately early potato,8128.7,7152.3,0,2017-06-01,2017-09-15
3,potato/moderately early potato,8128.7,7152.3,0,2017-06-01,2017-09-15
3,potato/moderately early potato,8117.3,7158.5,0,2017-06-01,2017-09-15
3,potato/moderately early potato,8117.3,7158.5,0,2017-06-01,2017-09-15
3,potato/moderately early potato,8117.3,7158.5,0,2017-06-01,2017-09-15
3,potato/moderately early potato,8117.3,7158.5,0,2017-06-01,2017-09-15
3,potato/moderately early potato,8122.3,7155.6,0,2017-06-01,2017-09-15
3,potato/moderately early potato,8117.3,7158.5,0,2017-06-01,2017-09-15
3,potato/moderately early potato,8132.8,7149.9,0,2017-06-01,2017-09-15
3,potato/moderately early potato,8111.6,7161.7,0,2017-06-01,2017-09-15
3,potato/moderately early potato,8132.8,7149.9,0,2017-06-01,2017-09-15
3,potato/moderately early potato,8132.8,7149.9,0,2017-06-01,2017-09-15
3,potato/moderately early potato,8132.8,7149.9,0,2017-06-01,2017-09-15
3,potato/moderately early potato,8132.8,7149.9,0,2017-06-01,2017-09-15
3,potato/moderately early potato,8111.1,7162,0,2017-06-01,2017-09-15
3,potato/moderately early potato,8111.1,7162,0,2017-06-01,2017-09-15
3,potato/moderately early potato,8090.3,7173.1,0,2017-06-01,2017-09-15
3,potato/moderately early potato,8090.3,7173.1,0,2017-06-01,2017-09-15
3,potato/moderately early potato,8090.3,7173.1,0,2017-06-01,2017-09-15
3,potato/moderately early potato,8090.3,7173.1,0,2017-06-01,2017-09-15
3,potato/moderately early potato,8111.6,7161.7,0,2017-06-01,2017-09-15
3,potato/moderately early potato,8090.3,7173.1,0,2017-06-01,2017-09-15
3,potato/moderately early potato,8121.3,7156.1,0,2017-06-01,2017-09-15
3,potato/moderately early potato,7996,7371,0,2017-06-01,2017-09-15
3,potato/moderately early potato,8121.3,7156.1,0,2017-06-01,2017-09-15
3,potato/moderately early potato,8121.3,7156.1,0,2017-06-01,2017-09-15
3,potato/moderately early potato,8121.3,7156.1,0,2017-06-01,2017-09-15
3,potato/moderately early potato,8121.3,7156.1,0,2017-06-01,2017-09-15
3,potato/moderately early potato,8103.9,7166.1,0,2017-06-01,2017-09-15
3,potato/moderately early potato,8103.9,7166.1,0,2017-06-01,2017-09-15
3,potato/moderately early potato,7980.6,7379.1,0,2017-06-01,2017-09-15
3,potato/moderately early potato,7957.8,7362.1,0,2017-06-01,2017-09-15
3,potato/moderately early potato,7980.6,7379.1,0,2017-06-01,2017-09-15
3,potato/moderately early potato,7980.6,7379.1,0,2017-06-01,2017-09-15
3,potato/moderately early potato,7996,7371,0,2017-06-01,2017-09-15
3,potato/moderately early potato,7980.6,7379.1,0,2017-06-01,2017-09-15
3,potato/moderately early potato,8089.6,7173.5,0,2017-06-01,2017-09-15
3,potato/moderately early potato,8106.7,7164.5,0,2017-06-01,2017-09-15
3,potato/moderately early potato,8089.6,7173.5,0,2017-06-01,2017-09-15
3,potato/moderately early potato,8089.6,7173.5,0,2017-06-01,2017-09-15
3,potato/moderately early potato,8089.6,7173.5,0,2017-06-01,2017-09-15
3,potato/moderately early potato,8089.6,7173.5,0,2017-06-01,2017-09-15
3,potato/moderately early potato,8098,7169.4,0,2017-06-01,2017-09-15
3,potato/moderately early potato,8098,7169.4,0,2017-06-01,2017-09-15
3,potato/moderately early potato,8115.7,7159.4,0,2017-06-01,2017-09-15
3,potato/moderately early potato,8115.7,7159.4,0,2017-06-01,2017-09-15
3,potato/moderately early potato,8115.7,7159.4,0,2017-06-01,2017-09-15
3,potato/moderately early potato,8115.7,7159.4,0,2017-06-01,2017-09-15
3,potato/moderately early potato,8106.7,7164.5,0,2017-06-01,2017-09-15
3,potato/moderately early potato,8115.7,7159.4,0,2017-06-01,2017-09-15
3,potato/moderately early potato,8097.4,7169.1,0,2017-06-01,2017-09-15
3,potato/moderately early potato,8114.9,7159.8,0,2017-06-01,2017-09-15
3,potato/moderately early potato,8097.4,7169.1,0,2017-06-01,2017-09-15
3,potato/moderately early potato,8097.4,7169.1,0,2017-06-01,2017-09-15
3,potato/moderately early potato,8097.4,7169.1,0,2017-06-01,2017-09-15
3,potato/moderately early potato,8097.4,7169.1,0,2017-06-01,2017-09-15
3,potato/moderately early potato,8108.3,7163.6,0,2017-06-01,2017-09-15
3,potato/moderately early potato,8108.3,7163.6,0,2017-06-01,2017-09-15
3,potato/moderately early potato,8126.1,7153.4,0,2017-06-01,2017-09-15
3,potato/moderately early potato,8126.1,7153.4,0,2017-06-01,2017-09-15
3,potato/moderately early potato,8126.1,7153.4,0,2017-06-01,2017-09-15
3,potato/moderately early potato,8126.1,7153.4,0,2017-06-01,2017-09-15
3,potato/moderately early potato,8114.9,7159.8,0,2017-06-01,2017-09-15
3,potato/moderately early potato,8126.1,7153.4,0,2017-06-01,2017-09-15
3,potato/moderately early potato,8115.2,7159.7,0,2017-06-01,2017-09-15
3,potato/moderately early potato,8075.3,7181.4,0,2017-06-01,2017-09-15
3,potato/moderately early potato,8115.2,7159.7,0,2017-06-01,2017-09-15
3,potato/moderately early potato,8115.2,7159.7,0,2017-06-01,2017-09-15
3,potato/moderately early potato,8115.2,7159.7,0,2017-06-01,2017-09-15
3,potato/moderately early potato,8115.2,7159.7,0,2017-06-01,2017-09-15
3,potato/moderately early potato,8125.8,7153.6,0,2017-06-01,2017-09-15
3,potato/moderately early potato,8125.8,7153.6,0,2017-06-01,2017-09-15
3,potato/moderately early potato,8085.8,7175.6,0,2017-06-01,2017-09-15
3,potato/moderately early potato,8085.8,7175.6,0,2017-06-01,2017-09-15
3,potato/moderately early potato,8085.8,7175.6,0,2017-06-01,2017-09-15
3,potato/moderately early potato,8085.8,7175.6,0,2017-06-01,2017-09-15
3,potato/moderately early potato,8075.3,7181.4,0,2017-06-01,2017-09-15
3,potato/moderately early potato,8085.8,7175.6,0,2017-06-01,2017-09-15
3,potato/moderately early potato,8105.3,7165.3,0,2017-06-01,2017-09-15
3,potato/moderately early potato,8142.6,7144.3,0,2017-06-01,2017-09-15
3,potato/moderately early potato,8105.3,7165.3,0,2017-06-01,2017-09-15
3,potato/moderately early potato,8105.3,7165.3,0,2017-06-01,2017-09-15
3,potato/moderately early potato,8105.3,7165.3,0,2017-06-01,2017-09-15
3,potato/moderately early potato,8105.3,7165.3,0,2017-06-01,2017-09-15
3,potato/moderately early potato,8113.9,7160.4,0,2017-06-01,2017-09-15
3,potato/moderately early potato,8113.9,7160.4,0,2017-06-01,2017-09-15
3,potato/moderately early potato,8151.1,7139.4,0,2017-06-01,2017-09-15
3,potato/moderately early potato,8151.1,7139.4,0,2017-06-01,2017-09-15
3,potato/moderately early potato,8151.1,7139.4,0,2017-06-01,2017-09-15
3,potato/moderately early potato,8151.1,7139.4,0,2017-06-01,2017-09-15
3,potato/moderately early potato,8142.6,7144.3,0,2017-06-01,2017-09-15
3,potato/moderately early potato,8151.1,7139.4,0,2017-06-01,2017-09-15
3,potato/moderately early potato,8111,7162,0,2017-06-01,2017-09-15
3,potato/moderately early potato,8109.3,7163,0,2017-06-01,2017-09-15
3,potato/moderately early potato,8111,7162,0,2017-06-01,2017-09-15
3,potato/moderately early potato,8111,7162,0,2017-06-01,2017-09-15
3,potato/moderately early potato,8111,7162,0,2017-06-01,2017-09-15
3,potato/moderately early potato,8111,7162,0,2017-06-01,2017-09-15
3,potato/moderately early potato,8120.6,7156.6,0,2017-06-01,2017-09-15
3,potato/moderately early potato,8120.6,7156.6,0,2017-06-01,2017-09-15
3,potato/moderately early potato,8118.9,7157.5,0,2017-06-01,2017-09-15
3,potato/moderately early potato,8118.9,7157.5,0,2017-06-01,2017-09-15
3,potato/moderately early potato,8118.9,7157.5,0,2017-06-01,2017-09-15
3,potato/moderately early potato,8118.9,7157.5,0,2017-06-01,2017-09-15
3,potato/moderately early potato,8109.3,7163,0,2017-06-01,2017-09-15
3,potato/moderately early potato,8118.9,7157.5,0,2017-06-01,2017-09-15
3,potato/moderately early potato,8117.4,7158.4,0,2017-06-01,2017-09-15
3,potato/moderately early potato,8115.8,7159.3,0,2017-06-01,2017-09-15
3,potato/moderately early potato,8117.4,7158.4,0,2017-06-01,2017-09-15
3,potato/moderately early potato,8117.4,7158.4,0,2017-06-01,2017-09-15
3,potato/moderately early potato,8117.4,7158.4,0,2017-06-01,2017-09-15
3,potato/moderately early potato,8117.4,7158.4,0,2017-06-01,2017-09-15
3,potato/moderately early potato,8129.3,7152,0,2017-06-01,2017-09-15
3,potato/moderately early potato,8129.3,7152,0,2017-06-01,2017-09-15
3,potato/moderately early potato,8127.7,7152.9,0,2017-06-01,2017-09-15
3,potato/moderately early potato,8127.7,7152.9,0,2017-06-01,2017-09-15
3,potato/moderately early potato,8127.7,7152.9,0,2017-06-01,2017-09-15
3,potato/moderately early potato,8127.7,7152.9,0,2017-06-01,2017-09-15
3,potato/moderately early potato,8115.8,7159.3,0,2017-06-01,2017-09-15
3,potato/moderately early potato,8127.7,7152.9,0,2017-06-01,2017-09-15
3,potato/moderately early potato,7965.1,7359.2,0,2017-06-01,2017-09-15
3,potato/moderately early potato,8137,7147.5,0,2017-06-01,2017-09-15
3,potato/moderately early potato,7986.8,7375.8,0,2017-06-01,2017-09-15
3,potato/moderately early potato,7986.8,7375.8,0,2017-06-01,2017-09-15
3,potato/moderately early potato,7964.1,7358.9,0,2017-06-01,2017-09-15
3,potato/moderately early potato,7969.2,7361.9,0,2017-06-01,2017-09-15
3,potato/moderately early potato,8148.9,7140.6,0,2017-06-01,2017-09-15
3,potato/moderately early potato,8148.9,7140.6,0,2017-06-01,2017-09-15
3,potato/moderately early potato,8118.7,7157.6,0,2017-06-01,2017-09-15
3,potato/moderately early potato,8118.7,7157.6,0,2017-06-01,2017-09-15
3,potato/moderately early potato,8118.7,7157.6,0,2017-06-01,2017-09-15
3,potato/moderately early potato,8118.7,7157.6,0,2017-06-01,2017-09-15
3,potato/moderately early potato,8137,7147.5,0,2017-06-01,2017-09-15
3,potato/moderately early potato,8118.7,7157.6,0,2017-06-01,2017-09-15
3,potato/moderately early potato,8100,7168.3,0,2017-06-01,2017-09-15
3,potato/moderately early potato,8070.2,7184.2,0,2017-06-01,2017-09-15
3,potato/moderately early potato,8100,7168.3,0,2017-06-01,2017-09-15
3,potato/moderately early potato,8100,7168.3,0,2017-06-01,2017-09-15
3,potato/moderately early potato,8100,7168.3,0,2017-06-01,2017-09-15
3,potato/moderately early potato,8100,7168.3,0,2017-06-01,2017-09-15
3,potato/moderately early potato,8137.4,7147.3,0,2017-06-01,2017-09-15
3,potato/moderately early potato,8137.4,7147.3,0,2017-06-01,2017-09-15
3,potato/moderately early potato,8106.5,7164.6,0,2017-06-01,2017-09-15
3,potato/moderately early potato,8106.5,7164.6,0,2017-06-01,2017-09-15
3,potato/moderately early potato,8106.5,7164.6,0,2017-06-01,2017-09-15
3,potato/moderately early potato,8106.5,7164.6,0,2017-06-01,2017-09-15
3,potato/moderately early potato,8070.2,7184.2,0,2017-06-01,2017-09-15
3,potato/moderately early potato,8106.5,7164.6,0,2017-06-01,2017-09-15
3,potato/moderately early potato,8064.5,7187.4,0,2017-06-01,2017-09-15
3,potato/moderately early potato,8110.8,7162.2,0,2017-06-01,2017-09-15
3,potato/moderately early potato,8064.5,7187.4,0,2017-06-01,2017-09-15
3,potato/moderately early potato,8064.5,7187.4,0,2017-06-01,2017-09-15
3,potato/moderately early potato,8064.5,7187.4,0,2017-06-01,2017-09-15
3,potato/moderately early potato,8064.5,7187.4,0,2017-06-01,2017-09-15
3,potato/moderately early potato,8105.2,7165.3,0,2017-06-01,2017-09-15
3,potato/moderately early potato,8105.2,7165.3,0,2017-06-01,2017-09-15
3,potato/moderately early potato,8151.9,7138.9,0,2017-06-01,2017-09-15
3,potato/moderately early potato,8151.9,7138.9,0,2017-06-01,2017-09-15
3,potato/moderately early potato,8151.9,7138.9,0,2017-06-01,2017-09-15
3,potato/moderately early potato,8151.9,7138.9,0,2017-06-01,2017-09-15
3,potato/moderately early potato,8110.8,7162.2,0,2017-06-01,2017-09-15
3,potato/moderately early potato,8151.9,7138.9,0,2017-06-01,2017-09-15
3,potato/moderately early potato,8134.8,7148.8,0,2017-06-01,2017-09-15
3,potato/moderately early potato,8103.8,7166.1,0,2017-06-01,2017-09-15
3,potato/moderately early potato,8134.8,7148.8,0,2017-06-01,2017-09-15
3,potato/moderately early potato,8134.8,7148.8,0,2017-06-01,2017-09-15
3,potato/moderately early potato,8134.8,7148.8,0,2017-06-01,2017-09-15
3,potato/moderately early potato,8134.8,7148.8,0,2017-06-01,2017-09-15
3,potato/moderately early potato,8114.5,7160.1,0,2017-06-01,2017-09-15
3,potato/moderately early potato,8114.5,7160.1,0,2017-06-01,2017-09-15
3,potato/moderately early potato,8084.1,7176.5,0,2017-06-01,2017-09-15
3,potato/moderately early potato,8084.1,7176.5,0,2017-06-01,2017-09-15
3,potato/moderately early potato,8084.1,7176.5,0,2017-06-01,2017-09-15
3,potato/moderately early potato,8084.1,7176.5,0,2017-06-01,2017-09-15
3,potato/moderately early potato,8103.8,7166.1,0,2017-06-01,2017-09-15
3,potato/moderately early potato,8084.1,7176.5,0,2017-06-01,2017-09-15
3,potato/moderately early potato,8144.8,7143,0,2017-06-01,2017-09-15
3,potato/moderately early potato,7990.9,7373.7,0,2017-06-01,2017-09-15
3,potato/moderately early potato,8144.8,7143,0,2017-06-01,2017-09-15
3,potato/moderately early potato,8144.8,7143,0,2017-06-01,2017-09-15
3,potato/moderately early potato,8144.8,7143,0,2017-06-01,2017-09-15
3,potato/moderately early potato,8144.8,7143,0,2017-06-01,2017-09-15
3,potato/moderately early potato,8096.5,7169.6,0,2017-06-01,2017-09-15
3,potato/moderately early potato,8096.5,7169.6,0,2017-06-01,2017-09-15
3,potato/moderately early potato,8123.5,7154.9,0,2017-06-01,2017-09-15
3,potato/moderately early potato,8123.5,7154.9,0,2017-06-01,2017-09-15
3,potato/moderately early potato,8108,7142.6,0,2017-06-01,2017-09-15
3,potato/moderately early potato,8107.5,7141.4,0,2017-06-01,2017-09-15
3,potato/moderately early potato,7960.5,7351.5,0,2017-06-01,2017-09-15
3,potato/moderately early potato,8115.1,7147.2,0,2017-06-01,2017-09-15
3,potato/moderately early potato,8079.5,7179.1,0,2017-06-01,2017-09-15
3,potato/moderately early potato,8106.2,7164.8,0,2017-06-01,2017-09-15
3,potato/moderately early potato,8079.5,7179.1,0,2017-06-01,2017-09-15
3,potato/moderately early potato,8079.5,7179.1,0,2017-06-01,2017-09-15
3,potato/moderately early potato,8079.5,7179.1,0,2017-06-01,2017-09-15
3,potato/moderately early potato,8079.5,7179.1,0,2017-06-01,2017-09-15
3,potato/moderately early potato,8089.3,7173.6,0,2017-06-01,2017-09-15
3,potato/moderately early potato,8089.3,7173.6,0,2017-06-01,2017-09-15
3,potato/moderately early potato,8116.2,7159.1,0,2017-06-01,2017-09-15
3,potato/moderately early potato,8116.2,7159.1,0,2017-06-01,2017-09-15
3,potato/moderately early potato,8116.2,7159.1,0,2017-06-01,2017-09-15
3,potato/moderately early potato,8116.2,7159.1,0,2017-06-01,2017-09-15
3,potato/moderately early potato,8106.2,7164.8,0,2017-06-01,2017-09-15
3,potato/moderately early potato,8116.2,7159.1,0,2017-06-01,2017-09-15
3,potato/moderately early potato,8082.7,7177.3,0,2017-06-01,2017-09-15
3,potato/moderately early potato,8109.7,7162.8,0,2017-06-01,2017-09-15
3,potato/moderately early potato,8082.7,7177.3,0,2017-06-01,2017-09-15
3,potato/moderately early potato,8082.7,7177.3,0,2017-06-01,2017-09-15
3,potato/moderately early potato,8082.7,7177.3,0,2017-06-01,2017-09-15
3,potato/moderately early potato,8082.7,7177.3,0,2017-06-01,2017-09-15
3,potato/moderately early potato,8121.4,7156.1,0,2017-06-01,2017-09-15
3,potato/moderately early potato,8121.4,7156.1,0,2017-06-01,2017-09-15
3,potato/moderately early potato,8148.9,7140.6,0,2017-06-01,2017-09-15
3,potato/moderately early potato,8148.9,7140.6,0,2017-06-01,2017-09-15
3,potato/moderately early potato,8148.9,7140.6,0,2017-06-01,2017-09-15
3,potato/moderately early potato,8148.9,7140.6,0,2017-06-01,2017-09-15
3,potato/moderately early potato,8109.7,7162.8,0,2017-06-01,2017-09-15
3,potato/moderately early potato,8148.9,7140.6,0,2017-06-01,2017-09-15
3,potato/moderately early potato,8151.1,7139.3,0,2017-06-01,2017-09-15
3,potato/moderately early potato,8101.1,7167.7,0,2017-06-01,2017-09-15
3,potato/moderately early potato,8151.1,7139.3,0,2017-06-01,2017-09-15
3,potato/moderately early potato,8151.1,7139.3,0,2017-06-01,2017-09-15
3,potato/moderately early potato,8151.1,7139.3,0,2017-06-01,2017-09-15
3,potato/moderately early potato,8151.1,7139.3,0,2017-06-01,2017-09-15
3,potato/moderately early potato,8132.2,7150.3,0,2017-06-01,2017-09-15
3,potato/moderately early potato,8132.2,7150.3,0,2017-06-01,2017-09-15
3,potato/moderately early potato,8082.5,7177.4,0,2017-06-01,2017-09-15
3,potato/moderately early potato,8082.5,7177.4,0,2017-06-01,2017-09-15
3,potato/moderately early potato,8082.5,7177.4,0,2017-06-01,2017-09-15
3,potato/moderately early potato,8082.5,7177.4,0,2017-06-01,2017-09-15
3,potato/moderately early potato,8101.1,7167.7,0,2017-06-01,2017-09-15
3,potato/moderately early potato,8082.5,7177.4,0,2017-06-01,2017-09-15
3,potato/moderately early potato,8152.4,7138.6,0,2017-06-01,2017-09-15
3,potato/moderately early potato,7975,7373.4,0,2017-06-01,2017-09-15
3,potato/moderately early potato,8152.4,7138.6,0,2017-06-01,2017-09-15
3,potato/moderately early potato,8152.4,7138.6,0,2017-06-01,2017-09-15
3,potato/moderately early potato,8152.4,7138.6,0,2017-06-01,2017-09-15
3,potato/moderately early potato,8152.4,7138.6,0,2017-06-01,2017-09-15
3,potato/moderately early potato,8140.7,7145.4,0,2017-06-01,2017-09-15
3,potato/moderately early potato,8140.7,7145.4,0,2017-06-01,2017-09-15
3,potato/moderately early potato,8125.8,7124.2,0,2017-06-01,2017-09-15
3,potato/moderately early potato,8148.2,7141,0,2017-06-01,2017-09-15
3,potato/moderately early potato,8143,7135.9,0,2017-06-01,2017-09-15
3,potato/moderately early potato,8118.1,7120.4,0,2017-06-01,2017-09-15
3,potato/moderately early potato,7942.1,7354.4,0,2017-06-01,2017-09-15
3,potato/moderately early potato,8128.4,7126.1,0,2017-06-01,2017-09-15
3,potato/moderately early potato,8083.2,7177,0,2017-06-01,2017-09-15
3,potato/moderately early potato,8091.2,7172.6,0,2017-06-01,2017-09-15
3,potato/moderately early potato,8083.2,7177,0,2017-06-01,2017-09-15
3,potato/moderately early potato,8083.2,7177,0,2017-06-01,2017-09-15
3,potato/moderately early potato,8083.2,7177,0,2017-06-01,2017-09-15
3,potato/moderately early potato,8083.2,7177,0,2017-06-01,2017-09-15
3,potato/moderately early potato,8129.6,7151.8,0,2017-06-01,2017-09-15
3,potato/moderately early potato,8129.6,7151.8,0,2017-06-01,2017-09-15
3,potato/moderately early potato,8137.6,7147.2,0,2017-06-01,2017-09-15
3,potato/moderately early potato,8137.6,7147.2,0,2017-06-01,2017-09-15
3,potato/moderately early potato,8137.6,7147.2,0,2017-06-01,2017-09-15
3,potato/moderately early potato,8137.6,7147.2,0,2017-06-01,2017-09-15
3,potato/moderately early potato,8091.2,7172.6,0,2017-06-01,2017-09-15
3,potato/moderately early potato,8137.6,7147.2,0,2017-06-01,2017-09-15
3,potato/moderately early potato,8080.5,7178.6,0,2017-06-01,2017-09-15
3,potato/moderately early potato,8126.7,7153.1,0,2017-06-01,2017-09-15
3,potato/moderately early potato,8080.5,7178.6,0,2017-06-01,2017-09-15
3,potato/moderately early potato,8080.5,7178.6,0,2017-06-01,2017-09-15
3,potato/moderately early potato,8080.5,7178.6,0,2017-06-01,2017-09-15
3,potato/moderately early potato,8080.5,7178.6,0,2017-06-01,2017-09-15
3,potato/moderately early potato,8097.4,7169.1,0,2017-06-01,2017-09-15
3,potato/moderately early potato,8097.4,7169.1,0,2017-06-01,2017-09-15
3,potato/moderately early potato,8143.9,7143.5,0,2017-06-01,2017-09-15
3,potato/moderately early potato,8143.9,7143.5,0,2017-06-01,2017-09-15
3,potato/moderately early potato,8143.9,7143.5,0,2017-06-01,2017-09-15
3,potato/moderately early potato,8143.9,7143.5,0,2017-06-01,2017-09-15
3,potato/moderately early potato,8126.7,7153.1,0,2017-06-01,2017-09-15
3,potato/moderately early potato,8143.9,7143.5,0,2017-06-01,2017-09-15
3,potato/moderately early potato,8146.6,7142,0,2017-06-01,2017-09-15
3,potato/moderately early potato,8115.7,7159.4,0,2017-06-01,2017-09-15
3,potato/moderately early potato,8146.6,7142,0,2017-06-01,2017-09-15
3,potato/moderately early potato,8146.6,7142,0,2017-06-01,2017-09-15
3,potato/moderately early potato,8146.6,7142,0,2017-06-01,2017-09-15
3,potato/moderately early potato,8146.6,7142,0,2017-06-01,2017-09-15
3,potato/moderately early potato,8105.4,7165.3,0,2017-06-01,2017-09-15
3,potato/moderately early potato,8105.4,7165.3,0,2017-06-01,2017-09-15
3,potato/moderately early potato,8075.1,7181.5,0,2017-06-01,2017-09-15
3,potato/moderately early potato,8075.1,7181.5,0,2017-06-01,2017-09-15
3,potato/moderately early potato,8075.1,7181.5,0,2017-06-01,2017-09-15
3,potato/moderately early potato,8075.1,7181.5,0,2017-06-01,2017-09-15
3,potato/moderately early potato,8115.7,7159.4,0,2017-06-01,2017-09-15
3,potato/moderately early potato,8075.1,7181.5,0,2017-06-01,2017-09-15
3,potato/moderately early potato,8149.7,7140.1,0,2017-06-01,2017-09-15
3,potato/moderately early potato,8138.6,7146.6,0,2017-06-01,2017-09-15
3,potato/moderately early potato,8149.7,7140.1,0,2017-06-01,2017-09-15
3,potato/moderately early potato,8149.7,7140.1,0,2017-06-01,2017-09-15
3,potato/moderately early potato,8149.7,7140.1,0,2017-06-01,2017-09-15
3,potato/moderately early potato,8149.7,7140.1,0,2017-06-01,2017-09-15
3,potato/moderately early potato,8106.4,7164.7,0,2017-06-01,2017-09-15
3,potato/moderately early potato,8106.4,7164.7,0,2017-06-01,2017-09-15
3,potato/moderately early potato,8095.3,7170.3,0,2017-06-01,2017-09-15
3,potato/moderately early potato,8095.3,7170.3,0,2017-06-01,2017-09-15
3,potato/moderately early potato,8095.3,7170.3,0,2017-06-01,2017-09-15
3,potato/moderately early potato,8095.3,7170.3,0,2017-06-01,2017-09-15
3,potato/moderately early potato,8138.6,7146.6,0,2017-06-01,2017-09-15
3,potato/moderately early potato,8095.3,7170.3,0,2017-06-01,2017-09-15
3,potato/moderately early potato,8082,7177.7,0,2017-06-01,2017-09-15
3,potato/moderately early potato,8070.9,7183.9,0,2017-06-01,2017-09-15
3,potato/moderately early potato,8082,7177.7,0,2017-06-01,2017-09-15
3,potato/moderately early potato,8082,7177.7,0,2017-06-01,2017-09-15
3,potato/moderately early potato,8082,7177.7,0,2017-06-01,2017-09-15
3,potato/moderately early potato,8082,7177.7,0,2017-06-01,2017-09-15
3,potato/moderately early potato,8099.7,7168.5,0,2017-06-01,2017-09-15
3,potato/moderately early potato,8099.7,7168.5,0,2017-06-01,2017-09-15
3,potato/moderately early potato,8088.9,7173.8,0,2017-06-01,2017-09-15
3,potato/moderately early potato,8088.9,7173.8,0,2017-06-01,2017-09-15
3,potato/moderately early potato,8088.9,7173.8,0,2017-06-01,2017-09-15
3,potato/moderately early potato,8088.9,7173.8,0,2017-06-01,2017-09-15
3,potato/moderately early potato,8070.9,7183.9,0,2017-06-01,2017-09-15
3,potato/moderately early potato,8088.9,7173.8,0,2017-06-01,2017-09-15
3,potato/moderately early potato,8116.5,7158.9,0,2017-06-01,2017-09-15
3,potato/moderately early potato,8143.7,7143.6,0,2017-06-01,2017-09-15
3,potato/moderately early potato,8116.5,7158.9,0,2017-06-01,2017-09-15
3,potato/moderately early potato,8116.5,7158.9,0,2017-06-01,2017-09-15
3,potato/moderately early potato,8116.5,7158.9,0,2017-06-01,2017-09-15
3,potato/moderately early potato,8116.5,7158.9,0,2017-06-01,2017-09-15
3,potato/moderately early potato,8133,7149.8,0,2017-06-01,2017-09-15
3,potato/moderately early potato,8133,7149.8,0,2017-06-01,2017-09-15
3,potato/moderately early potato,7961,7363.7,0,2017-06-01,2017-09-15
3,potato/moderately early potato,7980.2,7379.3,0,2017-06-01,2017-09-15
3,potato/moderately early potato,7969.8,7370,0,2017-06-01,2017-09-15
3,potato/moderately early potato,7943.6,7355.3,0,2017-06-01,2017-09-15
3,potato/moderately early potato,8143.7,7143.6,0,2017-06-01,2017-09-15
3,potato/moderately early potato,7961.9,7363.9,0,2017-06-01,2017-09-15
3,potato/moderately early potato,7999.4,7369.2,0,2017-06-01,2017-09-15
3,potato/moderately early potato,8131.7,7150.6,0,2017-06-01,2017-09-15
3,potato/moderately early potato,7999.4,7369.2,0,2017-06-01,2017-09-15
3,potato/moderately early potato,7999.4,7369.2,0,2017-06-01,2017-09-15
3,potato/moderately early potato,7999.4,7369.2,0,2017-06-01,2017-09-15
3,potato/moderately early potato,7999.4,7369.2,0,2017-06-01,2017-09-15
3,potato/moderately early potato,8142.1,7144.5,0,2017-06-01,2017-09-15
3,potato/moderately early potato,8142.1,7144.5,0,2017-06-01,2017-09-15
3,potato/moderately early potato,8092.9,7171.6,0,2017-06-01,2017-09-15
3,potato/moderately early potato,8092.9,7171.6,0,2017-06-01,2017-09-15
3,potato/moderately early potato,8092.9,7171.6,0,2017-06-01,2017-09-15
3,potato/moderately early potato,8092.9,7171.6,0,2017-06-01,2017-09-15
3,potato/moderately early potato,8131.7,7150.6,0,2017-06-01,2017-09-15
3,potato/moderately early potato,8092.9,7171.6,0,2017-06-01,2017-09-15
3,potato/moderately early potato,7961.7,7360.1,0,2017-06-01,2017-09-15
3,potato/moderately early potato,8120.7,7156.5,0,2017-06-01,2017-09-15
3,potato/moderately early potato,7984.4,7377.1,0,2017-06-01,2017-09-15
3,potato/moderately early potato,7984.4,7377.1,0,2017-06-01,2017-09-15
3,potato/moderately early potato,7960.3,7358.6,0,2017-06-01,2017-09-15
3,potato/moderately early potato,7961.7,7360.1,0,2017-06-01,2017-09-15
3,potato/moderately early potato,7967.6,7354.9,0,2017-06-01,2017-09-15
3,potato/moderately early potato,7991.6,7373.3,0,2017-06-01,2017-09-15
3,potato/moderately early potato,8129.1,7152.1,0,2017-06-01,2017-09-15
3,potato/moderately early potato,8129.1,7152.1,0,2017-06-01,2017-09-15
3,potato/moderately early potato,8129.1,7152.1,0,2017-06-01,2017-09-15
3,potato/moderately early potato,8129.1,7152.1,0,2017-06-01,2017-09-15
3,potato/moderately early potato,8120.7,7156.5,0,2017-06-01,2017-09-15
3,potato/moderately early potato,8129.1,7152.1,0,2017-06-01,2017-09-15
3,potato/moderately early potato,8095.9,7169.9,0,2017-06-01,2017-09-15
3,potato/moderately early potato,8129.1,7152.1,0,2017-06-01,2017-09-15
3,potato/moderately early potato,8095.9,7169.9,0,2017-06-01,2017-09-15
3,potato/moderately early potato,8095.9,7169.9,0,2017-06-01,2017-09-15
3,potato/moderately early potato,8095.9,7169.9,0,2017-06-01,2017-09-15
3,potato/moderately early potato,8095.9,7169.9,0,2017-06-01,2017-09-15
3,potato/moderately early potato,8105.8,7165,0,2017-06-01,2017-09-15
3,potato/moderately early potato,8105.8,7165,0,2017-06-01,2017-09-15
3,potato/moderately early potato,8139.1,7146.3,0,2017-06-01,2017-09-15
3,potato/moderately early potato,8139.1,7146.3,0,2017-06-01,2017-09-15
3,potato/moderately early potato,8139.1,7146.3,0,2017-06-01,2017-09-15
3,potato/moderately early potato,8139.1,7146.3,0,2017-06-01,2017-09-15
3,potato/moderately early potato,8129.1,7152.1,0,2017-06-01,2017-09-15
3,potato/moderately early potato,8139.1,7146.3,0,2017-06-01,2017-09-15
3,potato/moderately early potato,8092.6,7171.8,0,2017-06-01,2017-09-15
3,potato/moderately early potato,8087.4,7174.7,0,2017-06-01,2017-09-15
3,potato/moderately early potato,8092.6,7171.8,0,2017-06-01,2017-09-15
3,potato/moderately early potato,8092.6,7171.8,0,2017-06-01,2017-09-15
3,potato/moderately early potato,8092.6,7171.8,0,2017-06-01,2017-09-15
3,potato/moderately early potato,8092.6,7171.8,0,2017-06-01,2017-09-15
3,potato/moderately early potato,8070.3,7184.2,0,2017-06-01,2017-09-15
3,potato/moderately early potato,8070.3,7184.2,0,2017-06-01,2017-09-15
3,potato/moderately early potato,8065.1,7187.1,0,2017-06-01,2017-09-15
3,potato/moderately early potato,8065.1,7187.1,0,2017-06-01,2017-09-15
3,potato/moderately early potato,8065.1,7187.1,0,2017-06-01,2017-09-15
3,potato/moderately early potato,8065.1,7187.1,0,2017-06-01,2017-09-15
3,potato/moderately early potato,8087.4,7174.7,0,2017-06-01,2017-09-15
3,potato/moderately early potato,8065.1,7187.1,0,2017-06-01,2017-09-15
3,potato/moderately early potato,7978.2,7380.4,0,2017-06-01,2017-09-15
3,potato/moderately early potato,8153,7138.3,0,2017-06-01,2017-09-15
3,potato/moderately early potato,7978.2,7380.4,0,2017-06-01,2017-09-15
3,potato/moderately early potato,7978.2,7380.4,0,2017-06-01,2017-09-15
3,potato/moderately early potato,7978.2,7380.4,0,2017-06-01,2017-09-15
3,potato/moderately early potato,7978.2,7380.4,0,2017-06-01,2017-09-15
3,potato/moderately early potato,8140.2,7145.6,0,2017-06-01,2017-09-15
3,potato/moderately early potato,8140.2,7145.6,0,2017-06-01,2017-09-15
3,potato/moderately early potato,8135,7148.6,0,2017-06-01,2017-09-15
3,potato/moderately early potato,8135,7148.6,0,2017-06-01,2017-09-15
3,potato/moderately early potato,8135,7148.6,0,2017-06-01,2017-09-15
3,potato/moderately early potato,8135,7148.6,0,2017-06-01,2017-09-15
3,potato/moderately early potato,8153,7138.3,0,2017-06-01,2017-09-15
3,potato/moderately early potato,8135,7148.6,0,2017-06-01,2017-09-15
3,potato/moderately early potato,8129,7152.2,0,2017-06-01,2017-09-15
3,potato/moderately early potato,8085.3,7175.9,0,2017-06-01,2017-09-15
3,potato/moderately early potato,8129,7152.2,0,2017-06-01,2017-09-15
3,potato/moderately early potato,8129,7152.2,0,2017-06-01,2017-09-15
3,potato/moderately early potato,8129,7152.2,0,2017-06-01,2017-09-15
3,potato/moderately early potato,8129,7152.2,0,2017-06-01,2017-09-15
3,potato/moderately early potato,8137.5,7147.2,0,2017-06-01,2017-09-15
3,potato/moderately early potato,8137.5,7147.2,0,2017-06-01,2017-09-15
3,potato/moderately early potato,8093.7,7171.2,0,2017-06-01,2017-09-15
3,potato/moderately early potato,8093.7,7171.2,0,2017-06-01,2017-09-15
3,potato/moderately early potato,8093.7,7171.2,0,2017-06-01,2017-09-15
3,potato/moderately early potato,8093.7,7171.2,0,2017-06-01,2017-09-15
3,potato/moderately early potato,8085.3,7175.9,0,2017-06-01,2017-09-15
3,potato/moderately early potato,8093.7,7171.2,0,2017-06-01,2017-09-15
3,potato/moderately early potato,8058.6,7190.7,0,2017-06-01,2017-09-15
3,potato/moderately early potato,8091.7,7172.3,0,2017-06-01,2017-09-15
3,potato/moderately early potato,8058.6,7190.7,0,2017-06-01,2017-09-15
3,potato/moderately early potato,8058.6,7190.7,0,2017-06-01,2017-09-15
3,potato/moderately early potato,8058.6,7190.7,0,2017-06-01,2017-09-15
3,potato/moderately early potato,8058.6,7190.7,0,2017-06-01,2017-09-15
3,potato/moderately early potato,8069.3,7184.8,0,2017-06-01,2017-09-15
3,potato/moderately early potato,8069.3,7184.8,0,2017-06-01,2017-09-15
3,potato/moderately early potato,8102,7167.2,0,2017-06-01,2017-09-15
3,potato/moderately early potato,8102,7167.2,0,2017-06-01,2017-09-15
3,potato/moderately early potato,8102,7167.2,0,2017-06-01,2017-09-15
3,potato/moderately early potato,8102,7167.2,0,2017-06-01,2017-09-15
3,potato/moderately early potato,8091.7,7172.3,0,2017-06-01,2017-09-15
3,potato/moderately early potato,8102,7167.2,0,2017-06-01,2017-09-15
3,potato/moderately early potato,8094.5,7170.7,0,2017-06-01,2017-09-15
3,potato/moderately early potato,8089.3,7173.7,0,2017-06-01,2017-09-15
3,potato/moderately early potato,8094.5,7170.7,0,2017-06-01,2017-09-15
3,potato/moderately early potato,8094.5,7170.7,0,2017-06-01,2017-09-15
3,potato/moderately early potato,8094.5,7170.7,0,2017-06-01,2017-09-15
3,potato/moderately early potato,8094.5,7170.7,0,2017-06-01,2017-09-15
3,potato/moderately early potato,8103.7,7166.2,0,2017-06-01,2017-09-15
3,potato/moderately early potato,8103.7,7166.2,0,2017-06-01,2017-09-15
3,potato/moderately early potato,8098.4,7169.2,0,2017-06-01,2017-09-15
3,potato/moderately early potato,8098.4,7169.2,0,2017-06-01,2017-09-15
3,potato/moderately early potato,8098.4,7169.2,0,2017-06-01,2017-09-15
3,potato/moderately early potato,8098.4,7169.2,0,2017-06-01,2017-09-15
3,potato/moderately early potato,8089.3,7173.7,0,2017-06-01,2017-09-15
3,potato/moderately early potato,8098.4,7169.2,0,2017-06-01,2017-09-15
3,potato/moderately early potato,7981.5,7378.6,0,2017-06-01,2017-09-15
3,potato/moderately early potato,7976.7,7381.2,0,2017-06-01,2017-09-15
3,potato/moderately early potato,7978,7375.1,0,2017-06-01,2017-09-15
3,potato/moderately early potato,7981.5,7378.6,0,2017-06-01,2017-09-15
3,potato/moderately early potato,7981.5,7378.6,0,2017-06-01,2017-09-15
3,potato/moderately early potato,7981.5,7378.6,0,2017-06-01,2017-09-15
3,potato/moderately early potato,7988.4,7375,0,2017-06-01,2017-09-15
3,potato/moderately early potato,7967,7358.6,0,2017-06-01,2017-09-15
3,potato/moderately early potato,7983.6,7377.6,0,2017-06-01,2017-09-15
3,potato/moderately early potato,7970.4,7365.2,0,2017-06-01,2017-09-15
3,potato/moderately early potato,7983.6,7377.6,0,2017-06-01,2017-09-15
3,potato/moderately early potato,7983.6,7377.6,0,2017-06-01,2017-09-15
3,potato/moderately early potato,7969.5,7374.1,0,2017-06-01,2017-09-15
3,potato/moderately early potato,7983.6,7377.6,0,2017-06-01,2017-09-15
3,potato/moderately early potato,7985.4,7376.6,0,2017-06-01,2017-09-15
3,potato/moderately early potato,8112.3,7161.3,0,2017-06-01,2017-09-15
3,potato/moderately early potato,7985.4,7376.6,0,2017-06-01,2017-09-15
3,potato/moderately early potato,7961.8,7359.4,0,2017-06-01,2017-09-15
3,potato/moderately early potato,7985.4,7376.6,0,2017-06-01,2017-09-15
3,potato/moderately early potato,7985.4,7376.6,0,2017-06-01,2017-09-15
3,potato/moderately early potato,7975.6,7381.7,0,2017-06-01,2017-09-15
3,potato/moderately early potato,7953.2,7364.9,0,2017-06-01,2017-09-15
3,potato/moderately early potato,8101.4,7167.5,0,2017-06-01,2017-09-15
3,potato/moderately early potato,8101.4,7167.5,0,2017-06-01,2017-09-15
3,potato/moderately early potato,8101.4,7167.5,0,2017-06-01,2017-09-15
3,potato/moderately early potato,8101.4,7167.5,0,2017-06-01,2017-09-15
3,potato/moderately early potato,8112.3,7161.3,0,2017-06-01,2017-09-15
3,potato/moderately early potato,8101.4,7167.5,0,2017-06-01,2017-09-15
3,potato/moderately early potato,8100.8,7167.9,0,2017-06-01,2017-09-15
3,potato/moderately early potato,8124.7,7154.2,0,2017-06-01,2017-09-15
3,potato/moderately early potato,8100.8,7167.9,0,2017-06-01,2017-09-15
3,potato/moderately early potato,8100.8,7167.9,0,2017-06-01,2017-09-15
3,potato/moderately early potato,8100.8,7167.9,0,2017-06-01,2017-09-15
3,potato/moderately early potato,8100.8,7167.9,0,2017-06-01,2017-09-15
3,potato/moderately early potato,8087.6,7174.5,0,2017-06-01,2017-09-15
3,potato/moderately early potato,8087.6,7174.5,0,2017-06-01,2017-09-15
3,potato/moderately early potato,8111.1,7162,0,2017-06-01,2017-09-15
3,potato/moderately early potato,8111.1,7162,0,2017-06-01,2017-09-15
3,potato/moderately early potato,8111.1,7162,0,2017-06-01,2017-09-15
3,potato/moderately early potato,8111.1,7162,0,2017-06-01,2017-09-15
3,potato/moderately early potato,8124.7,7154.2,0,2017-06-01,2017-09-15
3,potato/moderately early potato,8111.1,7162,0,2017-06-01,2017-09-15
3,potato/moderately early potato,8066.7,7186.2,0,2017-06-01,2017-09-15
3,potato/moderately early potato,8090,7173.2,0,2017-06-01,2017-09-15
3,potato/moderately early potato,8066.7,7186.2,0,2017-06-01,2017-09-15
3,potato/moderately early potato,8066.7,7186.2,0,2017-06-01,2017-09-15
3,potato/moderately early potato,8066.7,7186.2,0,2017-06-01,2017-09-15
3,potato/moderately early potato,8066.7,7186.2,0,2017-06-01,2017-09-15
3,potato/moderately early potato,8051.6,7194.6,0,2017-06-01,2017-09-15
3,potato/moderately early potato,8051.6,7194.6,0,2017-06-01,2017-09-15
3,potato/moderately early potato,8074.9,7181.6,0,2017-06-01,2017-09-15
3,potato/moderately early potato,8074.9,7181.6,0,2017-06-01,2017-09-15
3,potato/moderately early potato,8074.9,7181.6,0,2017-06-01,2017-09-15
3,potato/moderately early potato,8074.9,7181.6,0,2017-06-01,2017-09-15
3,potato/moderately early potato,8090,7173.2,0,2017-06-01,2017-09-15
3,potato/moderately early potato,8074.9,7181.6,0,2017-06-01,2017-09-15
3,potato/moderately early potato,8134.4,7149,0,2017-06-01,2017-09-15
3,potato/moderately early potato,7978.2,7380.4,0,2017-06-01,2017-09-15
3,potato/moderately early potato,8134.4,7149,0,2017-06-01,2017-09-15
3,potato/moderately early potato,8134.4,7149,0,2017-06-01,2017-09-15
3,potato/moderately early potato,8134.4,7149,0,2017-06-01,2017-09-15
3,potato/moderately early potato,8134.4,7149,0,2017-06-01,2017-09-15
3,potato/moderately early potato,8122.1,7155.7,0,2017-06-01,2017-09-15
3,potato/moderately early potato,8122.1,7155.7,0,2017-06-01,2017-09-15
3,potato/moderately early potato,8145.6,7142.5,0,2017-06-01,2017-09-15
3,potato/moderately early potato,8145.6,7142.5,0,2017-06-01,2017-09-15
3,potato/moderately early potato,8135.7,7133.4,0,2017-06-01,2017-09-15
3,potato/moderately early potato,8127.1,7128.1,0,2017-06-01,2017-09-15
3,potato/moderately early potato,7946.4,7359.3,0,2017-06-01,2017-09-15
3,potato/moderately early potato,8130.1,7130.3,0,2017-06-01,2017-09-15
